"ProductId","ProductName","days_sell_out"
590,Wine - Wyndham Estate Bin 777,1455
390,"Pork - Back, Long Cut, Boneless",1431
883,Tea - Herbal Sweet Dreams,1444
658,Wine - Carmenere Casillero Del,1450
632,Oil - Margarine,1452
170,"Cheese - Brie,danish",1458
444,Gherkin,1437
184,"Beets - Candy Cane, Organic",1452
316,Cabbage - Green,1440
972,Brandy - Bar,1447
533,Wine - Red Oakridge Merlot,1456
65,Tea - Lemon Scented,1441
667,Beef - Top Butt Aaa,1427
580,"Veal - Inside Round / Top, Lean",1443
267,Eggwhite Frozen,1441
692,Juice - Lemon,1446
922,Beer - Tetleys,1428
198,Shark - Loin,1453
158,Browning Caramel Glace,1429
589,"Chicken - Thigh, Bone In",1453
916,"Pepper - Black, Ground",1447
44,Pomello,1455
441,Vector Energy Bar,1444
356,Sugar - Icing,1450
997,Pork - Smoked Back Bacon,1446
125,"Pasta - Orzo, Dry",1436
858,Chicken Breast Halal,1448
38,Rice Wine - Aji Mirin,1442
648,"Veal - Tenderloin, Untrimmed",1449
373,Lemonade - Pineapple Passion,1448
759,Quail - Jumbo,1448
164,Island Oasis - Peach Daiquiri,1452
199,Apricots - Dried,1452
272,"Wine - White, Riesling, Semi - Dry",1435
69,"Appetizer - Mini Egg Roll, Shrimp",1451
819,Dome Lid Clear P92008h,1446
853,Wine - Pinot Noir Mondavi Coastal,1450
724,Cheese - Grana Padano,1452
666,Pectin,1449
448,"Turkey - Breast, Double",1451
821,"Pasta - Fettuccine, Egg, Fresh",1440
604,Nut - Pumpkin Seeds,1447
259,Triple Sec - Mcguinness,1452
435,Remy Red Berry Infusion,1430
818,Pepper - Cubanelle,1443
251,Lettuce - Escarole,1434
957,"Lamb - Pieces, Diced",1440
980,Cup - Translucent 7 Oz Clear,1456
936,Breakfast Quesadillas,1428
888,Oil - Avocado,1445
239,Container - Foam Dixie 12 Oz,1449
208,Ice Cream Bar - Drumstick,1454
522,"Beets - Candy Cane, Organic",1438
185,Table Cloth 54x72 Colour,1435
559,Pork - Side Ribs,1453
578,Cocoa Powder - Natural,1453
63,Bulgar,1453
804,Rice Paper,1458
791,Pepper - Sorrano,1452
645,Muffin - Banana Nut Individual,1442
346,Plasticspoonblack,1440
492,Ham - Procutinni,1452
286,Island Oasis - Ice Cream Mix,1437
343,Beef - Tenderloin Tails,1443
450,"Bread - Roll, Canadian Dinner",1445
812,Spice - Greek 1 Step,1458
414,Beans - French,1447
734,Longos - Chicken Caeser Salad,1447
761,Tomatoes - Cherry,1448
746,The Pop Shoppe - Grape,1450
762,"Beef - Baby, Liver",1458
712,Daves Island Stinger,1416
969,Spice - Paprika,1448
23,"Bread - Crumbs, Bulk",1449
111,Rice Paper,1445
393,Chivas Regal - 12 Year Old,1446
45,Rabbit - Whole,1455
146,Cabbage - Nappa,1441
463,"Veal - Chops, Split, Frenched",1432
733,Stainless Steel Cleaner Vision,1457
909,"Oranges - Navel, 72",1449
27,Muskox - French Rack,1441
84,Petit Baguette,1456
252,"Carrots - Purple, Organic",1456
60,"Lemonade - Strawberry, 591 Ml",1450
845,Papadam,1450
77,Cookie Dough - Chunky,1448
294,Shopper Bag - S - 4,1447
94,Vacuum Bags 12x16,1436
339,Brandy Apricot,1453
537,Beer - Paulaner Hefeweisse,1420
603,Sugar - White Packet,1453
79,Spice - Pepper Portions,1442
427,Eggplant Oriental,1423
31,Onions - Red Pearl,1447
4,Zucchini - Green,1438
995,Wine - Pinot Noir Stoneleigh,1453
800,Pea - Snow,1445
998,Flounder - Fresh,1449
326,Juice - Orangina,1448
628,Chicken Breast Halal,1435
255,Beef - Prime Rib Aaa,1453
33,"Rum - Coconut, Malibu",1427
139,Lemon Pepper,1451
795,Appetizer - Mango Chevre,1452
945,Lettuce - Treviso,1451
951,Wine - Savigny - Les - Beaune,1434
262,Beef - Kobe Striploin,1434
963,Beer - True North Strong Ale,1443
214,Nantucket - 518ml,1438
725,Sambuca - Opal Nera,1437
265,Foil - 4oz Custard Cup,1429
219,Whmis - Spray Bottle Trigger,1433
950,Muffin Mix - Oatmeal,1444
915,Fondant - Icing,1451
487,"Trout - Rainbow, Frozen",1450
693,"Wine - White, Colubia Cresh",1454
594,"Appetizer - Mini Egg Roll, Shrimp",1454
281,Foam Tray S2,1452
877,Puff Pastry - Slab,1454
231,Pate Pans Yellow,1430
197,Yogurt - Assorted Pack,1453
772,"Veal - Tenderloin, Untrimmed",1448
34,Bagel - Everything,1457
126,Sauce - Caesar Dressing,1438
247,Veal - Leg,1440
753,Strawberries - California,1450
843,"Wine - Magnotta, Merlot Sr Vqa",1453
789,Bread - Assorted Rolls,1435
737,"Quail - Whole, Bone - In",1439
181,Cup Translucent 9 Oz,1456
270,"Tarragon - Primerba, Paste",1439
539,Poppy Seed,1454
371,Pepper - Cubanelle,1443
817,Tea - Green,1428
882,Olives - Stuffed,1450
169,Bay Leaf Fresh,1451
340,Thyme - Fresh,1459
521,Veal - Kidney,1443
397,"Yogurt - Banana, 175 Gr",1451
243,Potato - Sweet,1444
70,Cheese - Fontina,1455
621,Tuna - Sushi Grade,1442
899,Relish,1445
212,Tomato - Peeled Italian Canned,1437
608,"Loaf Pan - 2 Lb, Foil",1451
649,"Sparkling Wine - Rose, Freixenet",1449
156,Chicken - Tenderloin,1448
490,Banana - Green,1428
116,"Salmon - Atlantic, No Skin",1450
634,Bols Melon Liqueur,1449
509,"Nut - Almond, Blanched, Ground",1447
751,Mortadella,1444
986,"Wine - Red, Marechal Foch",1448
234,Pork Ham Prager,1445
140,Wine - Delicato Merlot,1436
385,Wine - Montecillo Rioja Crianza,1453
771,Wine - Chateauneuf Du Pape,1453
836,Chinese Foods - Chicken,1452
72,Napkin White - Starched,1439
55,Cilantro / Coriander - Fresh,1456
660,Cake - Bande Of Fruit,1451
179,"Pasta - Detalini, White, Fresh",1451
814,Salmon Steak - Cohoe 6 Oz,1446
600,Nantucket Orange Juice,1447
405,"Juice - Clamato, 341 Ml",1433
581,Island Oasis - Lemonade,1442
424,"Coke - Classic, 355 Ml",1454
399,Lamb Leg - Bone - In Nz,1452
248,Sultanas,1459
736,"Water, Tap",1442
776,The Pop Shoppe - Root Beer,1443
14,Pepper - Green Thai,1440
770,Sage - Rubbed,1456
11,Sprouts - Alfalfa,1458
574,Smoked Paprika,1428
796,Bagel - Whole White Sesame,1454
662,Bread - Bistro White,1455
861,"Soup - Knorr, Classic Can. Chili",1450
747,Chips Potato Salt Vinegar 43g,1451
401,Cheese - Mozzarella,1426
803,"Tortillas - Flour, 12",1456
21,Hummus - Spread,1441
123,"Capon - Breast, Double, Wing On",1452
260,Wine - Cousino Macul Antiguas,1443
332,Beer - Maudite,1447
967,Wine - Magnotta - Belpaese,1456
478,"Tendrils - Baby Pea, Organic",1442
611,Pie Shell - 5,1451
540,Table Cloth 90x90 Colour,1445
786,Dragon Fruit,1445
939,Cookies Cereal Nut,1445
918,"Wine - White, Riesling, Semi - Dry",1431
438,Bagel - Sesame Seed Presliced,1453
488,Wine - Riesling Dr. Pauly,1446
606,Pork - Shoulder,1435
412,Table Cloth 54x72 Colour,1454
13,Monkfish - Fresh,1446
183,Wine - Kwv Chenin Blanc South,1455
862,Lemonade - Pineapple Passion,1448
347,Ecolab - Hobart Upr Prewash Arm,1444
503,Dasheen,1456
598,Lobak,1453
454,Cumin - Ground,1449
102,Foie Gras,1446
699,Hand Towel,1454
133,Allspice - Jamaican,1452
798,Soupfoamcont12oz 112con,1444
6,Flower - Dish Garden,1457
436,Eggroll,1441
46,Wine - Vovray Sec Domaine Huet,1444
296,"Sauce - White, Mix",1458
58,Potatoes - Mini White 3 Oz,1449
848,Sausage - Meat,1456
101,Fork - Plastic,1457
336,Bouillion - Fish,1400
802,Oxtail - Cut,1403
596,Breadfruit,1434
109,Tomato - Plum With Basil,1453
923,Bread - Raisin,1445
572,Chinese Foods - Plain Fried Rice,1434
778,"Shrimp - 16 - 20 Cooked, Peeled",1445
864,Pecan Raisin - Tarts,1439
143,Muffin - Bran Ind Wrpd,1436
431,Mustard - Seed,1457
685,Muffin Puck Ww Carrot,1457
275,Tart - Lemon,1424
944,Puff Pastry - Sheets,1450
820,"Beef - Rib Roast, Capless",1444
420,"Lamb - Whole Head Off,nz",1429
974,Muffin Orange Individual,1449
249,Cake - Pancake,1441
389,"Squash - Pattypan, Yellow",1454
815,Beans - Wax,1442
842,Onions - Cooking,1447
382,"Beef - Bones, Marrow",1438
826,Towel Dispenser,1457
228,Cake - Mini Potato Pancake,1448
930,Wine - Rhine Riesling Wolf Blass,1457
387,Cardamon Seed / Pod,1419
85,Chives - Fresh,1430
633,Pasta - Agnolotti - Butternut,1450
467,Squid - U - 10 Thailand,1448
112,Pastry - French Mini Assorted,1447
455,"Juice - Grape, White",1451
499,French Kiss Vanilla,1453
105,Hagen Daza - Dk Choocolate,1453
457,Lettuce - Belgian Endive,1450
953,Cheese - Cream Cheese,1447
98,Appetizer - Veg Assortment,1449
865,"Coconut - Creamed, Pure",1445
675,Goulash Seasoning,1457
403,"Lemonade - Black Cherry, 591 Ml",1456
96,"Lemonade - Strawberry, 591 Ml",1437
423,Country Roll,1453
32,Green Tea Refresher,1452
364,Salami - Genova,1446
738,Sherry - Dry,1442
833,Bread Base - Gold Formel,1456
210,Ice Cream Bar - Hagen Daz,1457
497,Mushroom - Crimini,1433
514,Canada Dry,1429
285,Horseradish - Prepared,1448
742,Steam Pan - Half Size Deep,1450
781,"Wine - White, Pelee Island",1418
766,Rum - Mount Gay Eclipes,1437
224,"Pasta - Spaghetti, Dry",1452
419,"Potatoes - Instant, Mashed",1440
529,Compound - Passion Fruit,1450
437,Beans - Green,1436
552,Cheese - Comte,1435
719,Yukon Jack,1457
456,Pastry - Chocolate Chip Muffin,1454
307,Tomatoes,1437
602,Jameson Irish Whiskey,1454
979,"Beans - Turtle, Black, Dry",1451
241,Tray - 16in Rnd Blk,1436
358,Wine - Riesling Dr. Pauly,1434
931,Pears - Anjou,1437
971,Cakes Assorted,1433
344,Honey - Liquid,1427
19,Water - Tonic,1448
359,Bread - Rye,1437
292,"Quail - Whole, Boneless",1450
66,Tray - 12in Rnd Blk,1445
548,Wine - Zinfandel Rosenblum,1449
398,Dried Figs,1456
809,Samosa - Veg,1458
494,Bag - Regular Kraft 20 Lb,1449
481,Lambcasing,1437
57,Spinach - Frozen,1431
18,Rootbeer,1446
410,Oil - Avocado,1458
801,Bread - Granary Small Pull,1449
61,"Rum - Cream, Amarula",1448
202,"Garlic - Primerba, Paste",1444
749,Rice - Long Grain,1457
732,Cheese - Cambozola,1432
370,Red Currants,1449
313,Wine - Merlot Vina Carmen,1446
769,Beer - Labatt Blue,1454
562,Liners - Baking Cups,1404
534,Pepper - Pablano,1441
860,Veal - Inside,1442
863,Corn - Mini,1437
88,"Nut - Walnut, Chopped",1450
417,Wine - Montecillo Rioja Crianza,1442
758,Onion - Dried,1452
391,Ice Cream - Fudge Bars,1458
39,"Vodka - Hot, Lnferno",1447
310,Vinegar - Raspberry,1457
844,The Pop Shoppe Pinapple,1428
965,Ginger - Ground,1442
834,Hot Chocolate - Individual,1441
500,Tea - Vanilla Chai,1455
996,Okra,1456
932,Milk - 1%,1451
639,"Pork - Sausage, Medium",1450
408,Olives - Kalamata,1456
295,Muffin - Bran Ind Wrpd,1437
388,Chutney Sauce,1444
284,Five Alive Citrus,1457
990,Coffee - Decafenated,1438
345,"Juice - Apple, 1.36l",1454
627,Cheese - Brie,1455
83,White Baguette,1446
253,Hand Towel,1455
816,Lettuce - Frisee,1443
302,Soap - Pine Sol Floor Cleaner,1446
892,Muffin Hinge - 211n,1442
907,Mix - Cocktail Ice Cream,1452
221,Syrup - Monin - Granny Smith,1449
982,Bread - Mini Hamburger Bun,1436
577,Jack Daniels,1431
268,Spice - Chili Powder Mexican,1445
614,"Vodka - Lemon, Absolut",1450
335,Olives - Stuffed,1450
856,"Spoon - Soup, Plastic",1442
299,Kaffir Lime Leaves,1454
938,"Veal - Shank, Pieces",1449
723,Table Cloth 62x120 Colour,1432
261,"Lentils - Green, Dry",1438
941,Ham - Procutinni,1447
601,Remy Red,1445
369,Cheese - Marble,1436
458,Five Alive Citrus,1435
429,Black Currants,1437
783,Bandage - Fexible 1x3,1455
191,Loquat,1452
131,Sesame Seed Black,1419
881,Pastry - Baked Scones - Mini,1421
702,Container Clear 8 Oz,1455
768,Energy - Boo - Koo,1456
372,Melon - Honey Dew,1450
911,Sugar - Palm,1455
573,Mangoes,1455
152,Maple Syrup,1452
266,Ginger - Crystalized,1452
271,Butcher Twine 4r,1448
75,Filo Dough,1448
421,Bacardi Limon,1440
479,"Iced Tea - Lemon, 460 Ml",1455
900,Chives - Fresh,1411
486,Ginger - Fresh,1415
50,Sherry - Dry,1457
898,"Bread - Pumpernickle, Rounds",1434
416,Curry Powder,1406
981,Tofu - Firm,1446
506,Compound - Pear,1444
508,Compound - Raspberry,1439
711,Island Oasis - Lemonade,1454
353,Momiji Oroshi Chili Sauce,1425
538,Chicken - Soup Base,1452
587,Shiratamako - Rice Flour,1432
686,Lettuce - Romaine,1439
122,Cheese - Marble,1451
811,Rice Paper,1445
93,"Wine - Red, Black Opal Shiraz",1451
579,Appetizer - Mango Chevre,1430
626,Sugar - Icing,1444
635,Cheese - Comtomme,1455
106,Red Currants,1438
622,Truffle Paste,1435
469,Samosa - Veg,1448
317,Oil - Margarine,1445
384,Pork - Smoked Back Bacon,1451
992,Bok Choy - Baby,1430
445,"Nut - Hazelnut, Ground, Natural",1456
956,Chicken - Whole,1440
949,Extract - Lemon,1441
584,"Doilies - 12, Paper",1454
876,Ham - Cooked Bayonne Tinned,1436
464,Vinegar - Cider,1451
238,"Pepper - Green, Chili",1437
901,Oil - Olive,1455
54,"Arctic Char - Fresh, Whole",1434
30,Cake - Lemon Chiffon,1456
612,"Cake Circle, Paprus",1427
160,Coffee - Decaffeinato Coffee,1456
855,Cream Of Tartar,1433
329,Onions Granulated,1453
439,Lamb - Sausage Casings,1451
331,Glass Clear 8 Oz,1452
468,Wine - Baron De Rothschild,1435
175,Muffin Mix - Carrot,1453
128,"Yogurt - Raspberry, 175 Gr",1452
341,Shrimp - Black Tiger 26/30,1453
82,Easy Off Oven Cleaner,1439
903,Water - Aquafina Vitamin,1424
948,Cheese - Parmigiano Reggiano,1441
26,Towel Dispenser,1440
206,Shortbread - Cookie Crumbs,1449
484,Potatoes - Mini Red,1454
585,Shopper Bag - S - 4,1448
162,Chip - Potato Dill Pickle,1458
43,Crackers Cheez It,1433
376,Spic And Span All Purpose,1446
495,Lamb - Rack,1456
715,Cookie - Oatmeal,1452
422,Devonshire Cream,1454
342,Longos - Burritos,1445
188,Chocolate Liqueur - Godet White,1455
668,Swiss Chard - Red,1435
303,Scallops - Live In Shell,1433
828,"Pepper - Black, Whole",1411
721,Tea - Grapefruit Green Tea,1452
830,Piping - Bags Quizna,1443
230,Peas Snow,1456
91,Chicken - Leg / Back Attach,1447
745,Rice - Aborio,1450
934,V8 Splash Strawberry Banana,1449
510,Blackberries,1423
257,Bonito Flakes - Toku Katsuo,1451
586,"Sugar - Sweet N Low, Individual",1453
566,Mini - Vol Au Vents,1436
878,Appetiser - Bought,1456
235,Sauce - Balsamic Viniagrette,1451
322,Sauce - Sesame Thai Dressing,1431
707,Wine - Savigny - Les - Beaune,1451
767,Bread - Dark Rye,1450
988,Wine - Manischewitz Concord,1452
975,The Pop Shoppe - Grape,1443
49,Mustard Prepared,1440
832,Squid - Tubes / Tenticles 10/20,1439
274,Peas - Frozen,1442
592,Vol Au Vents,1449
127,Chicken - White Meat With Tender,1436
527,Water - Spring 1.5lit,1435
117,Flour - Rye,1454
823,"Wine - Red, Metus Rose",1416
177,Plasticforkblack,1437
910,Wine - Rhine Riesling Wolf Blass,1457
113,Lobster - Cooked,1440
925,"Wine - White, Riesling, Henry Of",1440
225,Cheese - Colby,1446
813,Oranges,1422
132,"Pork - Bacon,back Peameal",1458
947,Beer - Tetleys,1449
709,"Flour - Buckwheat, Dark",1444
583,Smoked Paprika,1444
532,Crab - Soft Shell,1448
52,"Sparkling Wine - Rose, Freixenet",1450
174,Paper Towel Touchless,1457
891,"Soup - Campbells, Minestrone",1436
120,Flour - Chickpea,1459
288,"Crab - Claws, Snow 16 - 24",1441
92,Loquat,1447
470,"Orange - Canned, Mandarin",1434
217,"Tarragon - Primerba, Paste",1450
655,"Pasta - Rotini, Colour, Dry",1438
727,Soup - Campbells Chili Veg,1457
547,Praline Paste,1456
352,Cotton Wet Mop 16 Oz,1444
703,Wine La Vielle Ferme Cote Du,1450
760,"Pork - Bacon, Sliced",1435
136,Bandage - Fexible 1x3,1446
186,Flour - Teff,1418
991,"Seedlings - Buckwheat, Organic",1440
246,Yoplait - Strawbrasp Peac,1443
895,"Wine - Red, Antinori Santa",1434
779,"Croissant, Raw - Mini",1450
192,Beer - Blue,1436
792,Dr. Pepper - 355ml,1440
71,Cattail Hearts,1442
493,Beer - Pilsner Urquell,1456
394,Gingerale - Diet - Schweppes,1447
765,Soup - Chicken And Wild Rice,1450
609,Spice - Montreal Steak Spice,1455
363,Emulsifier,1456
605,"Beans - Black Bean, Dry",1446
176,Sambuca Cream,1453
348,Cheese Cloth,1453
276,Coffee - Irish Cream,1455
994,"Basil - Dry, Rubbed",1439
28,Soup - Campbells Asian Noodle,1438
671,"Pasta - Linguini, Dry",1452
1000,"Soup - Knorr, French Onion",1455
40,Tarragon - Fresh,1455
754,Pail With Metal Handle 16l White,1430
474,"Cheese - Cheddar, Old White",1449
366,Flavouring - Orange,1439
48,Appetizer - Escargot Puff,1443
446,Flower - Leather Leaf Fern,1454
701,Water Chestnut - Canned,1454
138,Beef - Montreal Smoked Brisket,1449
665,Tart - Pecan Butter Squares,1433
695,Mayonnaise,1453
502,Milk - Buttermilk,1440
232,Bread Base - Toscano,1452
319,Oil - Safflower,1437
664,Cheese - Goat,1457
970,Tamarillo,1441
507,Momiji Oroshi Chili Sauce,1451
610,Sherry - Dry,1453
473,Bacardi Raspberry,1445
875,Muffin Mix - Blueberry,1449
917,Flavouring - Orange,1454
683,Yoplait - Strawbrasp Peac,1447
822,Pastry - Baked Cinnamon Stick,1452
165,Sage Derby,1455
554,"Pasta - Gnocchi, Potato",1432
24,Lamb - Loin Chops,1454
637,Assorted Desserts,1453
874,Muffin - Banana Nut Individual,1447
451,"Pail - 4l White, With Handle",1454
76,Jerusalem Artichoke,1438
218,Salt And Pepper Mix - White,1453
41,Lobster - Cooked,1450
794,Trout - Smoked,1418
87,Dasheen,1455
433,"Quail - Whole, Bone - In",1433
750,Sausage - Andouille,1446
298,Hog / Sausage Casing - Pork,1411
406,Bread - Multigrain,1454
850,Wine - Prosecco Valdobienne,1458
560,Wine - Marlbourough Sauv Blanc,1447
107,Cheese - Valancey,1441
893,Cherries - Frozen,1425
869,Yukon Jack,1447
254,Sprouts - Brussel,1457
134,Coffee Cup 12oz 5342cd,1442
279,Strawberries - California,1450
785,Magnotta - Bel Paese White,1425
333,Cleaner - Comet,1455
859,Tea - Decaf 1 Cup,1442
396,Wine - Chateau Aqueria Tavel,1433
912,Coffee - Hazelnut Cream,1456
475,Towel Dispenser,1438
386,Cream - 35%,1452
404,Coffee Cup 16oz Foam,1445
673,Beef - Tenderloin Tails,1448
999,Bread - Wheat Baguette,1418
103,Country Roll,1444
203,"Pork - Tenderloin, Fresh",1441
638,Muffin - Banana Nut Individual,1444
690,Bread - Pain Au Liat X12,1434
839,"Mushroom - Enoki, Fresh",1445
482,Eggplant Italian,1440
312,"Jam - Strawberry, 20 Ml Jar",1452
51,Wine - Penfolds Koonuga Hill,1441
927,"Tomatoes - Diced, Canned",1452
582,Kumquat,1438
807,Soup - Campbells Asian Noodle,1444
984,Cabbage - Red,1442
827,"Flour - Bran, Red",1451
940,Soup Campbells - Tomato Bisque,1449
306,Cake - Night And Day Choclate,1452
229,Chevril,1436
320,Wine - Domaine Boyar Royal,1438
293,Ecolab Crystal Fusion,1433
114,Wine - Rubyport,1447
706,Sugar - White Packet,1456
99,Cookies - Englishbay Wht,1455
597,Foam Dinner Plate,1454
283,Bread - Granary Small Pull,1440
544,Roe - White Fish,1456
943,Cake - Pancake,1449
569,"Cake Circle, Paprus",1457
194,Pears - Bartlett,1450
697,Wine - German Riesling,1458
491,"Halibut - Whole, Fresh",1452
496,Cup - 8oz Coffee Perforated,1455
535,Yams,1452
242,Extract - Raspberry,1447
868,Nantucket Cranberry Juice,1428
678,Soho Lychee Liqueur,1455
434,"Placemat - Scallop, White",1443
330,Beets - Pickled,1453
461,Soup - Tomato Mush. Florentine,1432
300,Beef - Kobe Striploin,1443
717,Pants Custom Dry Clean,1445
654,"Pasta - Lasagne, Fresh",1442
480,Oil - Grapeseed Oil,1438
465,Daikon Radish,1451
168,"Tart Shells - Sweet, 3",1415
841,Toothpick Frilled,1454
278,Flower - Commercial Bronze,1453
570,"Sauce - Gravy, Au Jus, Mix",1456
400,Lettuce - Baby Salad Greens,1449
222,Muffin - Carrot Individual Wrap,1447
871,"Tomatoes - Cherry, Yellow",1447
631,Duck - Legs,1441
550,Chocolate Bar - Coffee Crisp,1442
565,Cup Translucent 9 Oz,1419
716,Squash - Butternut,1431
630,Eggroll,1445
571,Juice - Orangina,1449
200,Scampi Tail,1451
211,Squash - Guords,1458
989,Ecolab Crystal Fusion,1425
426,Table Cloth 144x90 White,1455
29,Soup - Base Broth Beef,1453
415,Guava,1439
245,Coffee - Hazelnut Cream,1418
137,Seaweed Green Sheets,1456
172,Sunflower Seed Raw,1451
518,Fruit Salad Deluxe,1436
97,"Soup - Beef Conomme, Dry",1433
236,"Mushrooms - Black, Dried",1438
952,"Pepper - Black, Ground",1429
187,Cheese - Pont Couvert,1448
130,Calypso - Lemonade,1431
720,Tequila - Sauza Silver,1433
643,Mushroom Morel Fresh,1445
314,"Oil - Olive, Extra Virgin",1437
607,"Soup - Campbells, Beef Barley",1459
240,Lid - 3oz Med Rec,1440
782,"Chicken - Base, Ultimate",1456
563,Coffee - French Vanilla Frothy,1421
513,"Lamb - Whole, Frozen",1437
110,Snapple Raspberry Tea,1457
543,"Beef - Baby, Liver",1452
100,Coffee - Decafenated,1431
315,Table Cloth 90x90 Colour,1447
351,Asparagus - Frozen,1434
657,"Wine - White, Mosel Gold",1456
368,Lotus Leaves,1447
700,Lid Tray - 12in Dome,1429
705,Tray - 12in Rnd Blk,1447
616,Sole - Iqf,1435
357,Sausage - Andouille,1451
567,Raspberries - Fresh,1454
773,Sprouts - Peppercress,1451
959,Chef Hat 25cm,1435
728,Foil Wrap,1450
624,Clams - Canned,1447
906,Macaroons - Homestyle Two Bit,1455
149,Paper - Brown Paper Mini Cups,1454
978,Banana Turning,1445
928,Cake - Pancake,1452
432,"Stock - Chicken, White",1458
462,Sambuca Cream,1432
17,"Octopus - Baby, Cleaned",1448
68,Sauce - Vodka Blush,1442
471,Pastry - Choclate Baked,1446
557,Sorrel - Fresh,1444
258,Bagel - Sesame Seed Presliced,1437
568,Parsley - Dried,1450
142,Crab Brie In Phyllo,1448
504,Chef Hat 25cm,1456
542,"Squash - Pattypan, Yellow",1443
545,Cheese - Sheep Milk,1455
650,Tuna - Salad Premix,1421
22,Curry Powder,1421
95,Bag - Clear 7 Lb,1446
118,Oil - Sunflower,1448
150,Cookies Almond Hazelnut,1455
62,Wheat - Soft Kernal Of Wheat,1454
641,Fruit Mix - Light,1449
774,Lid - 16 Oz And 32 Oz,1446
7,"Beef - Rouladin, Sliced",1418
8,"Cheese - Brie, Cups 125g",1451
744,Rabbit - Whole,1453
378,"Yogurt - Cherry, 175 Gr",1452
884,Beer - Sleeman Fine Porter,1453
790,Beans - Wax,1449
551,Cleaner - Bleach,1456
644,Five Alive Citrus,1453
831,Kohlrabi,1448
466,Ginger - Ground,1446
710,Wine - Stoneliegh Sauvignon,1457
704,Sunflower Seed Raw,1446
968,Longos - Chicken Curried,1448
196,"Wine - Red, Black Opal Shiraz",1443
788,Tomatoes - Roma,1441
973,"Sauce - Black Current, Dry Mix",1444
756,Trout Rainbow Whole,1448
977,Sole - Fillet,1450
182,"Juice - Apple, 500 Ml",1459
640,Cabbage - Red,1459
556,Pie Filling - Pumpkin,1459
595,Chicken - Wieners,1454
124,Pernod,1457
985,Chinese Foods - Plain Fried Rice,1456
851,Anchovy In Oil,1446
740,Oil - Sunflower,1444
680,Bagel - Whole White Sesame,1435
135,Bread - Sour Batard,1449
180,Napkin White,1437
849,Beer - Upper Canada Light,1444
780,"Lobster - Tail, 3 - 4 Oz",1438
305,"Oregano - Dry, Rubbed",1448
722,Pork - Ground,1448
752,Kellogs Special K Cereal,1455
708,Sauce - Oyster,1453
625,Fireball Whisky,1441
593,Ice Cream - Strawberry,1437
549,Muffin Carrot - Individual,1448
129,Compound - Orange,1454
955,Peppercorns - Green,1436
669,Scrubbie - Scotchbrite Hand Pad,1436
166,"Pork - Bacon, Sliced",1455
599,Sauce - Salsa,1459
575,Cookies - Assorted,1444
919,Sea Bass - Fillets,1450
524,Garbage Bags - Black,1446
652,Sunflower Seed Raw,1453
926,Ecolab - Hobart Upr Prewash Arm,1447
263,Lobster - Live,1444
223,Mix Pina Colada,1459
867,Orange Roughy 6/8 Oz,1448
442,Chutney Sauce,1436
108,Pepper - Green Thai,1446
966,"Capon - Breast, Wing On",1449
516,Lotus Rootlets - Canned,1446
483,Tea - Green,1458
558,Eggplant - Baby,1446
308,White Baguette,1443
904,"Lemonade - Strawberry, 591 Ml",1433
90,Island Oasis - Magarita Mix,1443
145,Ecolab - Mikroklene 4/4 L,1446
696,Sauce - Vodka Blush,1457
374,Carrots - Jumbo,1450
459,Vol Au Vents,1440
528,Cumin - Whole,1458
929,Fenngreek Seed,1434
380,Sauce - Fish 25 Ozf Bottle,1447
291,Lettuce - Curly Endive,1440
443,Crackers - Water,1447
355,Table Cloth 62x114 White,1452
515,Tumeric,1457
153,Soup Campbells Beef With Veg,1447
873,Salt And Pepper Mix - Black,1443
561,Pepper - Sorrano,1448
636,"Coconut - Shredded, Unsweet",1426
908,"Pasta - Lasagne, Fresh",1447
10,Coffee Cup 8oz 5338cd,1447
430,Wine - Fume Blanc Fetzer,1449
47,Monkfish - Fresh,1450
159,Tobasco Sauce,1449
591,Muffin Orange Individual,1447
663,Raspberries - Frozen,1458
619,"Wine - Red, Mouton Cadet",1444
741,Chicken - Whole Roasting,1447
642,Bread - Pita,1448
536,"Crab - Back Fin Meat, Canned",1451
409,"Lamb - Loin, Trimmed, Boneless",1443
674,"Oil - Olive, Extra Virgin",1436
233,"Pasta - Fusili, Dry",1436
531,Soup - Campbells - Tomato,1446
501,"Beef - Outside, Round",1449
837,Bag Clear 10 Lb,1439
960,Pineapple - Golden,1445
731,Cheese - St. Andre,1431
885,Broom - Corn,1446
726,Tart - Lemon,1448
447,Onion Powder,1437
920,Sun - Dried Tomatoes,1438
942,Bandage - Fexible 1x3,1441
367,Salmon - Fillets,1443
698,Trueblue - Blueberry,1442
993,Turkey - Ground. Lean,1426
838,Wine - Alsace Gewurztraminer,1445
216,"Beets - Candy Cane, Organic",1450
852,Latex Rubber Gloves Size 9,1447
870,Wine - Fat Bastard Merlot,1427
784,"Squash - Pattypan, Yellow",1451
714,Melon - Cantaloupe,1440
178,"Cheese - Brie,danish",1437
201,Kolrabi,1434
729,Soup Campbells - Italian Wedding,1443
546,"Sauce - White, Mix",1435
323,Jerusalem Artichoke,1445
392,"Pepper - Green, Chili",1450
460,"Wine - White, Ej",1447
250,Chicken Thigh - Bone Out,1450
215,Vinegar - Sherry,1453
689,Kahlua,1441
902,Veal - Heart,1449
676,"Syrup - Monin, Amaretta",1451
672,Urban Zen Drinks,1450
304,Rum - Mount Gay Eclipes,1432
806,Guinea Fowl,1435
757,Toothpick Frilled,1454
615,Bread - Italian Sesame Poly,1459
365,Raspberries - Fresh,1427
213,Chips - Doritos,1455
687,Cheese - Ermite Bleu,1454
67,Peppercorns - Pink,1450
498,Wine - Balbach Riverside,1448
163,Peppercorns - Green,1401
576,Vanilla Beans,1449
361,Wine - Shiraz Wolf Blass Premium,1446
309,Vaccum Bag - 14x20,1432
86,Tea - Herbal Sweet Dreams,1443
647,Vanilla Beans,1453
53,Peppercorns - Green,1452
555,"Veal - Tenderloin, Untrimmed",1428
835,Plaintain,1442
846,Calypso - Pineapple Passion,1456
866,"Lamb - Whole, Fresh",1457
157,Beer - Heinekin,1453
825,Beans - Fava Fresh,1413
327,External Supplier,1445
933,Soup - French Can Pea,1440
78,Wine - Semi Dry Riesling Vineland,1456
237,Bread Bowl Plain,1434
119,Tomatillo,1444
42,"Lemonade - Kiwi, 591 Ml",1456
743,Galliano,1425
195,"Tart Shells - Sweet, 4",1451
512,Gloves - Goldtouch Disposable,1433
190,"Lemonade - Island Tea, 591 Ml",1457
74,"Lamb - Whole Head Off,nz",1448
256,Beef - Tenderloin - Aa,1408
983,Flour - Pastry,1448
154,Milk - Buttermilk,1442
418,Rice - Aborio,1445
889,"Tea - Darjeeling, Azzura",1447
935,Tobasco Sauce,1450
452,Breadfruit,1453
525,Horseradish Root,1451
226,"Veal - Brisket, Provimi,bnls",1441
526,Beef Ground Medium,1439
375,Arizona - Green Tea,1455
453,Tomato Paste,1448
1,Chocolate Bar - Smarties,1414
20,Longos - Chicken Caeser Salad,1455
896,Gatorade - Lemon Lime,1453
905,Sour Puss Sour Apple,1453
277,Kumquat,1453
204,"Soup - Knorr, Country Bean",1450
713,Glass Clear 7 Oz Xl,1455
3,Chickensplit Half,1458
362,Veal - Heart,1401
220,Vodka - Moskovskaya,1456
914,Sprouts - Bean,1447
16,"Beef - Tenderlion, Center Cut",1442
653,Napkin Colour,1455
36,Cheese - St. Andre,1434
35,Trueblue - Blueberry 12x473ml,1451
793,Beef Flat Iron Steak,1438
395,Onions - Cooking,1448
824,Toamtoes 6x7 Select,1447
381,Cream - 10%,1434
264,"Wine - Magnotta - Red, Baco",1377
485,Wine - Dubouef Macon - Villages,1448
618,"Soup - Knorr, Classic Can. Chili",1443
171,Longos - Cheese Tortellini,1441
377,Steamers White,1452
646,Fenngreek Seed,1436
623,"Pasta - Fettuccine, Dry",1451
651,"Beans - Long, Chinese",1432
25,Coffee Cup 16oz Foam,1455
337,Wine - Cousino Macul Antiguas,1453
890,"Wine - Red, Concha Y Toro",1457
411,"Cake Circle, Foil, Scallop",1434
661,"Beef - Rib Roast, Capless",1456
964,Chicken Thigh - Bone Out,1447
887,Pheasants - Whole,1398
523,Appetizer - Tarragon Chicken,1429
613,Oil - Olive,1421
617,Cup Translucent 9 Oz,1448
349,Wooden Mop Handle,1446
167,Goat - Whole Cut,1451
775,Bandage - Flexible Neon,1453
564,"Water - Mineral, Carbonated",1452
962,Rice - Aborio,1451
141,"Juice - Orange, 341 Ml",1456
80,Aspic - Amber,1457
379,Crackers - Soda / Saltins,1446
280,Wine - Magnotta - Cab Franc,1438
12,Flour - Semolina,1449
670,Sauce - Vodka Blush,1438
958,"Cup - 3.5oz, Foam",1450
155,"Soup - French Onion, Dry",1435
115,"Lemonade - Kiwi, 591 Ml",1444
656,Cake Slab,1450
679,Cheese - Le Cheve Noir,1412
282,"Pork - Loin, Center Cut",1453
681,Bread - Pumpernickel,1457
407,Beer - Mill St Organic,1444
477,Spice - Paprika,1454
5,"Cod - Salted, Boneless",1457
301,Wheat - Soft Kernal Of Wheat,1451
810,Cheese - Grie Des Champ,1456
694,Ecolab - Solid Fusion,1451
121,Soup - Campbells Chili,1453
383,Cotton Wet Mop 16 Oz,1443
89,Pop Shoppe Cream Soda,1446
829,Pie Shell - 9,1450
207,Shrimp - Tiger 21/25,1455
151,"Chilli Paste, Ginger Garlic",1451
799,Chervil - Fresh,1457
402,Bagel - Sesame Seed Presliced,1442
730,Lettuce - Red Leaf,1432
684,Nut - Pumpkin Seeds,1455
748,Radish - Pickled,1453
440,Clams - Canned,1454
520,Fond - Neutral,1443
987,Salmon - Fillets,1452
227,Wine - Clavet Saint Emilion,1442
682,"Chocolate - Milk, Callets",1445
325,Versatainer Nc - 888,1438
937,Puree - Raspberry,1452
147,Energy Drink Bawls,1436
519,Wine - Ej Gallo Sierra Valley,1447
797,"Turkey - Whole, Fresh",1444
59,Beets - Mini Golden,1445
360,Venison - Striploin,1424
328,Pan Grease,1429
553,Fruit Mix - Light,1432
489,Oil - Olive Bertolli,1454
511,Puree - Strawberry,1421
472,Parsley Italian - Fresh,1453
691,Wine - Bouchard La Vignee Pinot,1443
787,"Pepper - Chillies, Crushed",1455
297,Marjoram - Fresh,1446
840,Soup - Campbells Tomato Ravioli,1438
56,Ecolab - Solid Fusion,1454
629,Beef - Tenderloin Tails,1456
946,Muffin - Banana Nut Individual,1435
505,Daves Island Stinger,1433
311,Longos - Chicken Caeser Salad,1440
476,Beer - Creemore,1439
449,Flour - Semolina,1443
334,Goldschalger,1446
872,Soup - Campbells Mac N Cheese,1454
764,Rice Paper,1439
530,"Pepper - Green, Chili",1456
739,"Bread - Roll, Soft White Round",1443
763,Chicken - Soup Base,1441
354,Beer - Creemore,1450
273,Bread Base - Italian,1414
886,Leeks - Large,1433
894,"Soup - Knorr, Ministrone",1445
620,"Bread - Multigrain, Loaf",1453
880,"Tart Shells - Sweet, 3",1445
857,"Wine - Red, Pelee Island Merlot",1451
287,Veal - Bones,1449
64,"Pasta - Orzo, Dry",1448
324,Eggplant Oriental,1456
173,Beef - Tenderloin Tails,1444
879,Wine - Masi Valpolocell,1449
321,Pimento - Canned,1444
15,Oranges,1439
244,Goat - Whole Cut,1455
81,Leeks - Large,1444
897,"Lamb - Whole, Fresh",1436
805,Chocolate - Liqueur Cups With Foil,1450
808,Lettuce - Boston Bib,1442
961,Petite Baguette,1447
37,Wine - Mondavi Coastal Private,1456
148,"Juice - Apple, 341 Ml",1444
425,Sauce - Hp,1449
924,Truffle - Peelings,1453
541,Pork - Backfat,1452
954,Nacho Chips,1427
659,Chocolate - Compound Coating,1441
318,Glass Clear 7 Oz Xl,1450
209,Island Oasis - Ice Cream Mix,1453
205,Shichimi Togarashi Peppeers,1447
428,Lettuce - Boston Bib - Organic,1448
677,"Tart Shells - Sweet, 2",1444
517,"Turkey - Breast, Double",1449
718,"Beef - Tongue, Fresh",1454
350,Herb Du Provence - Primerba,1439
847,Remy Red Berry Infusion,1436
161,Cheese - Brick With Pepper,1452
290,"Jam - Raspberry,jar",1439
193,"Mushroom - Morels, Dry",1450
854,Beef - Striploin Aa,1444
688,Breakfast Quesadillas,1438
921,Parasol Pick Stir Stick,1448
588,Wine - Tio Pepe Sherry Fino,1454
73,Pork - Ham Hocks - Smoked,1457
735,Cloves - Ground,1444
777,Lettuce - Escarole,1446
144,Kellogs Special K Cereal,1440
913,Persimmons,1441
976,"Soup - Campbells, Creamy",1441
338,Rosemary - Fresh,1445
289,Gatorade - Lemon Lime,1451
9,Clam - Cherrystone,1446
413,Pepper - Chili Powder,1450
189,Brandy Cherry - Mcguinness,1434
755,Leeks - Large,1459
269,Sword Pick Asst,1446
104,Sauerkraut,1450
2,Pepper - Red Bell,1439
