"ProductId","ProductName","AverageQuantitySold","AverageQuantityAvailable","InventoryTurnoverRate"
644,Five Alive Citrus,55.6263,1.0000,55.62631579
953,Cheese - Cream Cheese,55.1582,1.0000,55.15819209
546,"Sauce - White, Mix",54.6291,1.0000,54.62910798
423,Country Roll,54.4233,1.0000,54.42328042
563,Coffee - French Vanilla Frothy,53.4301,1.0000,53.43010753
437,Beans - Green,53.4256,1.0000,53.42564103
603,Sugar - White Packet,53.0515,1.0000,53.05150215
845,Papadam,53.0379,1.0000,53.03791469
716,Squash - Butternut,52.9064,1.0000,52.90640394
435,Remy Red Berry Infusion,52.8962,1.0000,52.89617486
453,Tomato Paste,52.7412,1.0000,52.74117647
74,"Lamb - Whole Head Off,nz",52.6761,1.0000,52.67605634
805,Chocolate - Liqueur Cups With Foil,52.3939,1.0000,52.39393939
198,Shark - Loin,52.3614,1.0000,52.36138614
695,Mayonnaise,52.3016,1.0000,52.30158730
643,Mushroom Morel Fresh,52.2903,1.0000,52.29032258
678,Soho Lychee Liqueur,52.1517,1.0000,52.15168539
414,Beans - French,52.1436,1.0000,52.14358974
113,Lobster - Cooked,52.1337,1.0000,52.13368984
339,Brandy Apricot,52.1122,1.0000,52.11219512
777,Lettuce - Escarole,52.0197,1.0000,52.01970443
237,Bread Bowl Plain,52.0155,1.0000,52.01554404
349,Wooden Mop Handle,51.9316,1.0000,51.93157895
190,"Lemonade - Island Tea, 591 Ml",51.8955,1.0000,51.89552239
138,Beef - Montreal Smoked Brisket,51.8852,1.0000,51.88524590
579,Appetizer - Mango Chevre,51.8663,1.0000,51.86633663
71,Cattail Hearts,51.8595,1.0000,51.85945946
718,"Beef - Tongue, Fresh",51.7659,1.0000,51.76585366
611,Pie Shell - 5,51.6766,1.0000,51.67661692
182,"Juice - Apple, 500 Ml",51.6651,1.0000,51.66507177
209,Island Oasis - Ice Cream Mix,51.6597,1.0000,51.65968586
167,Goat - Whole Cut,51.6141,1.0000,51.61413043
503,Dasheen,51.3757,1.0000,51.37566138
97,"Soup - Beef Conomme, Dry",51.3622,1.0000,51.36224490
692,Juice - Lemon,51.3187,1.0000,51.31868132
150,Cookies Almond Hazelnut,51.2714,1.0000,51.27142857
608,"Loaf Pan - 2 Lb, Foil",51.2708,1.0000,51.27083333
371,Pepper - Cubanelle,51.2475,1.0000,51.24752475
416,Curry Powder,51.2000,1.0000,51.20000000
153,Soup Campbells Beef With Veg,51.1421,1.0000,51.14210526
976,"Soup - Campbells, Creamy",51.1289,1.0000,51.12886598
577,Jack Daniels,51.0859,1.0000,51.08585859
179,"Pasta - Detalini, White, Fresh",51.0093,1.0000,51.00934579
192,Beer - Blue,50.9746,1.0000,50.97461929
688,Breakfast Quesadillas,50.9385,1.0000,50.93846154
90,Island Oasis - Magarita Mix,50.9132,1.0000,50.91324201
630,Eggroll,50.8724,1.0000,50.87244898
99,Cookies - Englishbay Wht,50.7659,1.0000,50.76585366
149,Paper - Brown Paper Mini Cups,50.7241,1.0000,50.72413793
360,Venison - Striploin,50.5817,1.0000,50.58173077
895,"Wine - Red, Antinori Santa",50.4545,1.0000,50.45454545
417,Wine - Montecillo Rioja Crianza,50.4400,1.0000,50.44000000
841,Toothpick Frilled,50.3713,1.0000,50.37128713
240,Lid - 3oz Med Rec,50.3510,1.0000,50.35096154
600,Nantucket Orange Juice,50.3096,1.0000,50.30964467
572,Chinese Foods - Plain Fried Rice,50.2132,1.0000,50.21319797
706,Sugar - White Packet,50.2009,1.0000,50.20093458
852,Latex Rubber Gloves Size 9,50.1844,1.0000,50.18435754
278,Flower - Commercial Bronze,50.1005,1.0000,50.10050251
473,Bacardi Raspberry,50.0603,1.0000,50.06030151
342,Longos - Burritos,50.0236,1.0000,50.02358491
652,Sunflower Seed Raw,49.9417,1.0000,49.94174757
928,Cake - Pancake,49.9412,1.0000,49.94117647
297,Marjoram - Fresh,49.9406,1.0000,49.94059406
388,Chutney Sauce,49.9333,1.0000,49.93333333
310,Vinegar - Raspberry,49.8421,1.0000,49.84210526
901,Oil - Olive,49.7956,1.0000,49.79555556
864,Pecan Raisin - Tarts,49.7644,1.0000,49.76442308
25,Coffee Cup 16oz Foam,49.7023,1.0000,49.70232558
334,Goldschalger,49.6996,1.0000,49.69955157
168,"Tart Shells - Sweet, 3",49.6571,1.0000,49.65714286
52,"Sparkling Wine - Rose, Freixenet",49.6055,1.0000,49.60550459
491,"Halibut - Whole, Fresh",49.5907,1.0000,49.59067358
4,Zucchini - Green,49.5485,1.0000,49.54854369
212,Tomato - Peeled Italian Canned,49.4863,1.0000,49.48633880
641,Fruit Mix - Light,49.4346,1.0000,49.43459916
670,Sauce - Vodka Blush,49.3580,1.0000,49.35795455
521,Veal - Kidney,49.3298,1.0000,49.32984293
766,Rum - Mount Gay Eclipes,49.2353,1.0000,49.23529412
270,"Tarragon - Primerba, Paste",49.2208,1.0000,49.22077922
748,Radish - Pickled,48.9398,1.0000,48.93981481
902,Veal - Heart,48.7847,1.0000,48.78468900
107,Cheese - Valancey,48.7571,1.0000,48.75714286
615,Bread - Italian Sesame Poly,48.7009,1.0000,48.70085470
472,Parsley Italian - Fresh,48.6042,1.0000,48.60416667
987,Salmon - Fillets,48.5969,1.0000,48.59693878
948,Cheese - Parmigiano Reggiano,48.5439,1.0000,48.54385965
123,"Capon - Breast, Double, Wing On",48.5077,1.0000,48.50769231
747,Chips Potato Salt Vinegar 43g,48.4927,1.0000,48.49268293
649,"Sparkling Wine - Rose, Freixenet",48.3587,1.0000,48.35869565
136,Bandage - Fexible 1x3,48.2917,1.0000,48.29166667
178,"Cheese - Brie,danish",48.2594,1.0000,48.25943396
117,Flour - Rye,48.2341,1.0000,48.23414634
811,Rice Paper,48.1523,1.0000,48.15228426
189,Brandy Cherry - Mcguinness,48.0484,1.0000,48.04838710
15,Oranges,48.0198,1.0000,48.01980198
605,"Beans - Black Bean, Dry",47.7736,1.0000,47.77358491
708,Sauce - Oyster,47.2322,1.0000,47.23222749
540,Table Cloth 90x90 Colour,46.9800,1.0000,46.98000000
2,Pepper - Red Bell,46.7109,1.0000,46.71090047
519,Wine - Ej Gallo Sierra Valley,46.6211,1.0000,46.62111801
122,Cheese - Marble,45.0631,1.0000,45.06310680
582,Kumquat,55.2698,2.0000,27.63492063
765,Soup - Chicken And Wild Rice,54.1827,2.0000,27.09137056
530,"Pepper - Green, Chili",54.1297,2.0000,27.06485356
195,"Tart Shells - Sweet, 4",53.9378,2.0000,26.96891192
561,Pepper - Sorrano,53.9162,2.0000,26.95810056
518,Fruit Salad Deluxe,53.3140,2.0000,26.65700483
129,Compound - Orange,53.1648,2.0000,26.58241758
979,"Beans - Turtle, Black, Dry",52.9500,2.0000,26.47500000
134,Coffee Cup 12oz 5342cd,52.7713,2.0000,26.38563830
943,Cake - Pancake,52.7345,2.0000,26.36723164
412,Table Cloth 54x72 Colour,52.6818,2.0000,26.34090909
900,Chives - Fresh,52.6257,2.0000,26.31286550
972,Brandy - Bar,52.5882,2.0000,26.29411765
298,Hog / Sausage Casing - Pork,52.2527,2.0000,26.12637363
968,Longos - Chicken Curried,52.1925,2.0000,26.09625668
843,"Wine - Magnotta, Merlot Sr Vqa",52.1502,2.0000,26.07511737
863,Corn - Mini,52.1308,2.0000,26.06542056
867,Orange Roughy 6/8 Oz,52.1263,2.0000,26.06313131
281,Foam Tray S2,51.9615,2.0000,25.98076923
234,Pork Ham Prager,51.9227,2.0000,25.96134021
663,Raspberries - Frozen,51.8789,2.0000,25.93947368
248,Sultanas,51.7268,2.0000,25.86341463
713,Glass Clear 7 Oz Xl,51.6587,2.0000,25.82932692
892,Muffin Hinge - 211n,51.6524,2.0000,25.82618026
12,Flour - Semolina,51.6500,2.0000,25.82500000
68,Sauce - Vodka Blush,51.5503,2.0000,25.77513228
377,Steamers White,51.5134,2.0000,25.75668449
385,Wine - Montecillo Rioja Crianza,51.4879,2.0000,25.74396135
403,"Lemonade - Black Cherry, 591 Ml",51.4335,2.0000,25.71674877
842,Onions - Cooking,51.2228,2.0000,25.61139896
619,"Wine - Red, Mouton Cadet",51.1786,2.0000,25.58928571
839,"Mushroom - Enoki, Fresh",51.1741,2.0000,25.58706468
1000,"Soup - Knorr, French Onion",51.0304,2.0000,25.51521739
738,Sherry - Dry,50.8920,2.0000,25.44602273
941,Ham - Procutinni,50.8453,2.0000,25.42265193
616,Sole - Iqf,50.6205,2.0000,25.31024096
63,Bulgar,50.6062,2.0000,25.30310881
846,Calypso - Pineapple Passion,50.5495,2.0000,25.27472527
792,Dr. Pepper - 355ml,50.5343,2.0000,25.26715686
944,Puff Pastry - Sheets,50.4028,2.0000,25.20142180
187,Cheese - Pont Couvert,50.2903,2.0000,25.14516129
621,Tuna - Sushi Grade,50.2823,2.0000,25.14114833
170,"Cheese - Brie,danish",50.2562,2.0000,25.12807882
788,Tomatoes - Roma,50.2353,2.0000,25.11764706
786,Dragon Fruit,50.2178,2.0000,25.10891089
56,Ecolab - Solid Fusion,50.2172,2.0000,25.10858586
399,Lamb Leg - Bone - In Nz,50.2133,2.0000,25.10663507
866,"Lamb - Whole, Fresh",50.1801,2.0000,25.09004739
889,"Tea - Darjeeling, Azzura",50.0821,2.0000,25.04102564
449,Flour - Semolina,50.0722,2.0000,25.03608247
910,Wine - Rhine Riesling Wolf Blass,50.0542,2.0000,25.02709360
779,"Croissant, Raw - Mini",50.0240,2.0000,25.01201923
849,Beer - Upper Canada Light,49.9728,2.0000,24.98641304
77,Cookie Dough - Chunky,49.8341,2.0000,24.91706161
217,"Tarragon - Primerba, Paste",49.8165,2.0000,24.90825688
474,"Cheese - Cheddar, Old White",49.6567,2.0000,24.82835821
662,Bread - Bistro White,49.6330,2.0000,24.81651376
288,"Crab - Claws, Snow 16 - 24",49.6175,2.0000,24.80874317
148,"Juice - Apple, 341 Ml",49.4438,2.0000,24.72189349
404,Coffee Cup 16oz Foam,49.4406,2.0000,24.72029703
950,Muffin Mix - Oatmeal,49.4079,2.0000,24.70394737
464,Vinegar - Cider,49.3689,2.0000,24.68446602
418,Rice - Aborio,49.1915,2.0000,24.59574468
21,Hummus - Spread,49.1455,2.0000,24.57276995
564,"Water - Mineral, Carbonated",49.0838,2.0000,24.54189944
163,Peppercorns - Green,49.0567,2.0000,24.52835052
261,"Lentils - Green, Dry",48.9794,2.0000,24.48969072
367,Salmon - Fillets,48.6552,2.0000,24.32758621
375,Arizona - Green Tea,48.3737,2.0000,24.18686869
347,Ecolab - Hobart Upr Prewash Arm,48.3206,2.0000,24.16028708
337,Wine - Cousino Macul Antiguas,48.3089,2.0000,24.15445026
271,Butcher Twine 4r,48.2913,2.0000,24.14563107
230,Peas Snow,48.2184,2.0000,24.10922330
91,Chicken - Leg / Back Attach,48.1955,2.0000,24.09776536
995,Wine - Pinot Noir Stoneleigh,48.1571,2.0000,24.07853403
441,Vector Energy Bar,48.0570,2.0000,24.02850877
719,Yukon Jack,48.0217,2.0000,24.01086957
85,Chives - Fresh,47.9755,2.0000,23.98774510
27,Muskox - French Rack,47.5799,2.0000,23.78995434
885,Broom - Corn,47.4154,2.0000,23.70769231
506,Compound - Pear,47.3726,2.0000,23.68632075
80,Aspic - Amber,47.3268,2.0000,23.66341463
307,Tomatoes,47.3073,2.0000,23.65364583
502,Milk - Buttermilk,47.1223,2.0000,23.56117021
272,"Wine - White, Riesling, Semi - Dry",46.8374,2.0000,23.41871921
949,Extract - Lemon,46.8128,2.0000,23.40641711
832,Squid - Tubes / Tenticles 10/20,46.5000,2.0000,23.25000000
651,"Beans - Long, Chinese",46.3529,2.0000,23.17647059
130,Calypso - Lemonade,45.1263,2.0000,22.56313131
824,Toamtoes 6x7 Select,55.5097,3.0000,18.50323625
916,"Pepper - Black, Ground",54.7177,3.0000,18.23923445
284,Five Alive Citrus,54.6753,3.0000,18.22508591
89,Pop Shoppe Cream Soda,54.4975,3.0000,18.16582915
934,V8 Splash Strawberry Banana,54.3770,3.0000,18.12565445
876,Ham - Cooked Bayonne Tinned,54.2796,3.0000,18.09318996
487,"Trout - Rainbow, Frozen",53.8434,3.0000,17.94781145
23,"Bread - Crumbs, Bulk",53.8125,3.0000,17.93750000
745,Rice - Aborio,53.7958,3.0000,17.93193717
226,"Veal - Brisket, Provimi,bnls",53.7126,3.0000,17.90421456
88,"Nut - Walnut, Chopped",53.5802,3.0000,17.86006289
301,Wheat - Soft Kernal Of Wheat,53.5781,3.0000,17.85937500
483,Tea - Green,53.5736,3.0000,17.85786802
991,"Seedlings - Buckwheat, Organic",53.5195,3.0000,17.83982684
667,Beef - Top Butt Aaa,53.3060,3.0000,17.76867031
335,Olives - Stuffed,53.1818,3.0000,17.72727273
674,"Oil - Olive, Extra Virgin",53.0700,3.0000,17.69000000
119,Tomatillo,52.8278,3.0000,17.60925926
186,Flour - Teff,52.5208,3.0000,17.50694444
332,Beer - Maudite,52.4769,3.0000,17.49228395
171,Longos - Cheese Tortellini,52.4648,3.0000,17.48826291
798,Soupfoamcont12oz 112con,52.3107,3.0000,17.43689320
750,Sausage - Andouille,52.0093,3.0000,17.33641975
376,Spic And Span All Purpose,51.9655,3.0000,17.32183908
705,Tray - 12in Rnd Blk,51.8019,3.0000,17.26731079
523,Appetizer - Tarragon Chicken,51.7667,3.0000,17.25555556
707,Wine - Savigny - Les - Beaune,51.5140,3.0000,17.17133956
8,"Cheese - Brie, Cups 125g",51.4865,3.0000,17.16216216
594,"Appetizer - Mini Egg Roll, Shrimp",51.4064,3.0000,17.13547237
174,Paper Towel Touchless,51.3793,3.0000,17.12643678
5,"Cod - Salted, Boneless",51.3575,3.0000,17.11918063
166,"Pork - Bacon, Sliced",51.1955,3.0000,17.06515152
155,"Soup - French Onion, Dry",51.1531,3.0000,17.05103668
45,Rabbit - Whole,51.0057,3.0000,17.00190476
235,Sauce - Balsamic Viniagrette,51.0000,3.0000,17.00000000
420,"Lamb - Whole Head Off,nz",50.9737,3.0000,16.99122807
447,Onion Powder,50.9175,3.0000,16.97250859
161,Cheese - Brick With Pepper,50.8976,3.0000,16.96585366
268,Spice - Chili Powder Mexican,50.7696,3.0000,16.92321117
445,"Nut - Hazelnut, Ground, Natural",50.6986,3.0000,16.89954338
165,Sage Derby,50.6601,3.0000,16.88669951
851,Anchovy In Oil,50.4439,3.0000,16.81463415
531,Soup - Campbells - Tomato,50.3916,3.0000,16.79718876
500,Tea - Vanilla Chai,50.3894,3.0000,16.79646018
34,Bagel - Everything,50.3661,3.0000,16.78870674
996,Okra,50.3636,3.0000,16.78787879
106,Red Currants,50.3564,3.0000,16.78547855
341,Shrimp - Black Tiger 26/30,50.1268,3.0000,16.70894309
358,Wine - Riesling Dr. Pauly,50.1238,3.0000,16.70792079
169,Bay Leaf Fresh,50.1085,3.0000,16.70283019
785,Magnotta - Bel Paese White,50.0865,3.0000,16.69551282
607,"Soup - Campbells, Beef Barley",50.0714,3.0000,16.69047619
246,Yoplait - Strawbrasp Peac,50.0092,3.0000,16.66973886
891,"Soup - Campbells, Minestrone",49.9955,3.0000,16.66517857
211,Squash - Guords,49.9740,3.0000,16.65798611
781,"Wine - White, Pelee Island",49.9425,3.0000,16.64750958
773,Sprouts - Peppercress,49.8925,3.0000,16.63082437
978,Banana Turning,49.8900,3.0000,16.63000000
286,Island Oasis - Ice Cream Mix,49.8280,3.0000,16.60931900
558,Eggplant - Baby,49.7713,3.0000,16.59042553
566,Mini - Vol Au Vents,49.7621,3.0000,16.58737864
124,Pernod,49.7206,3.0000,16.57352941
597,Foam Dinner Plate,49.6546,3.0000,16.55154639
128,"Yogurt - Raspberry, 175 Gr",49.5266,3.0000,16.50885668
542,"Squash - Pattypan, Yellow",49.4650,3.0000,16.48833333
372,Melon - Honey Dew,49.4444,3.0000,16.48148148
274,Peas - Frozen,49.4429,3.0000,16.48097412
725,Sambuca - Opal Nera,49.4110,3.0000,16.47031963
627,Cheese - Brie,49.3797,3.0000,16.45989305
471,Pastry - Choclate Baked,49.3233,3.0000,16.44109195
793,Beef Flat Iron Steak,49.1608,3.0000,16.38693467
516,Lotus Rootlets - Canned,49.1082,3.0000,16.36941581
317,Oil - Margarine,48.9167,3.0000,16.30555556
734,Longos - Chicken Caeser Salad,48.8762,3.0000,16.29207921
856,"Spoon - Soup, Plastic",48.8531,3.0000,16.28436019
814,Salmon Steak - Cohoe 6 Oz,48.7897,3.0000,16.26324786
24,Lamb - Loin Chops,48.6753,3.0000,16.22510823
266,Ginger - Crystalized,48.6612,3.0000,16.22040073
225,Cheese - Colby,48.6369,3.0000,16.21230159
819,Dome Lid Clear P92008h,48.5327,3.0000,16.17755444
314,"Oil - Olive, Extra Virgin",48.3023,3.0000,16.10077519
93,"Wine - Red, Black Opal Shiraz",48.0306,3.0000,16.01020408
769,Beer - Labatt Blue,48.0275,3.0000,16.00917431
448,"Turkey - Breast, Double",47.9572,3.0000,15.98573975
827,"Flour - Bran, Red",47.8436,3.0000,15.94785847
160,Coffee - Decaffeinato Coffee,47.8167,3.0000,15.93888889
784,"Squash - Pattypan, Yellow",47.7312,3.0000,15.91039427
455,"Juice - Grape, White",47.6684,3.0000,15.88945578
859,Tea - Decaf 1 Cup,47.4837,3.0000,15.82790698
547,Praline Paste,47.0498,3.0000,15.68325041
381,Cream - 10%,46.6617,3.0000,15.55389718
249,Cake - Pancake,46.5979,3.0000,15.53264605
238,"Pepper - Green, Chili",46.0628,3.0000,15.35427574
761,Tomatoes - Cherry,45.4061,3.0000,15.13536379
259,Triple Sec - Mcguinness,45.3812,3.0000,15.12707182
295,Muffin - Bran Ind Wrpd,55.2423,4.0000,13.81056701
262,Beef - Kobe Striploin,55.0221,4.0000,13.75553097
184,"Beets - Candy Cane, Organic",54.9000,4.0000,13.72500000
828,"Pepper - Black, Whole",54.2475,4.0000,13.56188119
132,"Pork - Bacon,back Peameal",53.6912,4.0000,13.42279412
907,Mix - Cocktail Ice Cream,52.9439,4.0000,13.23598131
433,"Quail - Whole, Bone - In",52.9302,4.0000,13.23255814
199,Apricots - Dried,52.9055,4.0000,13.22636816
568,Parsley - Dried,52.8744,4.0000,13.21860465
925,"Wine - White, Riesling, Henry Of",52.6857,4.0000,13.17142857
624,Clams - Canned,52.5240,4.0000,13.13100962
575,Cookies - Assorted,52.4681,4.0000,13.11702128
39,"Vodka - Hot, Lnferno",52.4589,4.0000,13.11473430
721,Tea - Grapefruit Green Tea,52.2849,4.0000,13.07123656
481,Lambcasing,52.1709,4.0000,13.04271357
11,Sprouts - Alfalfa,52.1307,4.0000,13.03267045
879,Wine - Masi Valpolocell,52.0242,4.0000,13.00603865
683,Yoplait - Strawbrasp Peac,51.8054,4.0000,12.95135135
188,Chocolate Liqueur - Godet White,51.5306,4.0000,12.88265306
144,Kellogs Special K Cereal,51.5215,4.0000,12.88037634
733,Stainless Steel Cleaner Vision,51.4800,4.0000,12.87000000
22,Curry Powder,51.2834,4.0000,12.82085561
152,Maple Syrup,51.2648,4.0000,12.81621005
768,Energy - Boo - Koo,51.2367,4.0000,12.80917874
19,Water - Tonic,51.1885,4.0000,12.79712042
470,"Orange - Canned, Mandarin",51.0609,4.0000,12.76522843
112,Pastry - French Mini Assorted,50.9307,4.0000,12.73267327
746,The Pop Shoppe - Grape,50.7922,4.0000,12.69805195
279,Strawberries - California,50.6394,4.0000,12.65985577
638,Muffin - Banana Nut Individual,50.5820,4.0000,12.64550265
642,Bread - Pita,50.4891,4.0000,12.62227074
966,"Capon - Breast, Wing On",50.4673,4.0000,12.61682243
469,Samosa - Veg,50.3288,4.0000,12.58219178
345,"Juice - Apple, 1.36l",50.2833,4.0000,12.57083333
666,Pectin,50.2775,4.0000,12.56937173
140,Wine - Delicato Merlot,50.2562,4.0000,12.56403941
595,Chicken - Wieners,50.1598,4.0000,12.53995434
609,Spice - Montreal Steak Spice,50.0138,4.0000,12.50345622
37,Wine - Mondavi Coastal Private,49.9384,4.0000,12.48459716
185,Table Cloth 54x72 Colour,49.9188,4.0000,12.47969543
292,"Quail - Whole, Boneless",49.7869,4.0000,12.44672131
67,Peppercorns - Pink,49.7644,4.0000,12.44109948
73,Pork - Ham Hocks - Smoked,49.6890,4.0000,12.42224880
658,Wine - Carmenere Casillero Del,49.6000,4.0000,12.40000000
378,"Yogurt - Cherry, 175 Gr",49.5126,4.0000,12.37814070
722,Pork - Ground,49.4949,4.0000,12.37373737
803,"Tortillas - Flour, 12",49.4670,4.0000,12.36675127
957,"Lamb - Pieces, Diced",49.3211,4.0000,12.33027523
836,Chinese Foods - Chicken,49.2222,4.0000,12.30555556
675,Goulash Seasoning,49.1796,4.0000,12.29490291
960,Pineapple - Golden,49.0392,4.0000,12.25980392
121,Soup - Campbells Chili,48.9883,4.0000,12.24707602
7,"Beef - Rouladin, Sliced",48.9211,4.0000,12.23026316
498,Wine - Balbach Riverside,48.8532,4.0000,12.21330275
712,Daves Island Stinger,48.7626,4.0000,12.19065657
551,Cleaner - Bleach,48.7349,4.0000,12.18372093
724,Cheese - Grana Padano,48.6950,4.0000,12.17375000
244,Goat - Whole Cut,48.5256,4.0000,12.13139535
984,Cabbage - Red,48.5049,4.0000,12.12621359
778,"Shrimp - 16 - 20 Cooked, Peeled",48.3198,4.0000,12.07994186
633,Pasta - Agnolotti - Butternut,48.1923,4.0000,12.04807692
655,"Pasta - Rotini, Colour, Dry",48.1392,4.0000,12.03479381
676,"Syrup - Monin, Amaretta",48.1010,4.0000,12.02525253
703,Wine La Vielle Ferme Cote Du,48.0788,4.0000,12.01970443
818,Pepper - Cubanelle,47.9476,4.0000,11.98691099
634,Bols Melon Liqueur,47.8443,4.0000,11.96108491
548,Wine - Zinfandel Rosenblum,47.6734,4.0000,11.91834171
817,Tea - Green,47.3662,4.0000,11.84154930
173,Beef - Tenderloin Tails,46.9061,4.0000,11.72651934
505,Daves Island Stinger,46.7621,4.0000,11.69053398
850,Wine - Prosecco Valdobienne,45.6862,4.0000,11.42154812
492,Ham - Procutinni,45.5980,4.0000,11.39950980
537,Beer - Paulaner Hefeweisse,54.6404,5.0000,10.92808989
247,Veal - Leg,54.2000,5.0000,10.84000000
848,Sausage - Meat,53.9505,5.0000,10.79009009
258,Bagel - Sesame Seed Presliced,53.6651,5.0000,10.73301887
16,"Beef - Tenderlion, Center Cut",53.4409,5.0000,10.68817204
808,Lettuce - Boston Bib,53.2663,5.0000,10.65326633
352,Cotton Wet Mop 16 Oz,53.1176,5.0000,10.62352941
983,Flour - Pastry,53.0995,5.0000,10.61990050
467,Squid - U - 10 Thailand,52.8164,5.0000,10.56328502
203,"Pork - Tenderloin, Fresh",52.5240,5.0000,10.50480769
461,Soup - Tomato Mush. Florentine,52.4495,5.0000,10.48989899
550,Chocolate Bar - Coffee Crisp,52.0680,5.0000,10.41359223
254,Sprouts - Brussel,52.0648,5.0000,10.41296296
969,Spice - Paprika,51.8112,5.0000,10.36224490
239,Container - Foam Dixie 12 Oz,51.6574,5.0000,10.33148148
344,Honey - Liquid,51.5658,5.0000,10.31315789
36,Cheese - St. Andre,51.4760,5.0000,10.29519231
896,Gatorade - Lemon Lime,51.3978,5.0000,10.27955801
289,Gatorade - Lemon Lime,51.3421,5.0000,10.26842105
227,Wine - Clavet Saint Emilion,51.2893,5.0000,10.25786802
905,Sour Puss Sour Apple,51.1551,5.0000,10.23101604
936,Breakfast Quesadillas,51.1232,5.0000,10.22464455
429,Black Currants,51.1106,5.0000,10.22211055
480,Oil - Grapeseed Oil,51.0388,5.0000,10.20776699
280,Wine - Magnotta - Cab Franc,50.9184,5.0000,10.18367347
908,"Pasta - Lasagne, Fresh",50.8529,5.0000,10.17058824
29,Soup - Base Broth Beef,50.7107,5.0000,10.14213198
61,"Rum - Cream, Amarula",50.6888,5.0000,10.13775510
921,Parasol Pick Stir Stick,50.4247,5.0000,10.08494624
681,Bread - Pumpernickel,50.3807,5.0000,10.07614213
44,Pomello,50.2422,5.0000,10.04843049
194,Pears - Bartlett,50.2217,5.0000,10.04433498
735,Cloves - Ground,50.2199,5.0000,10.04397906
755,Leeks - Large,50.0326,5.0000,10.00652174
729,Soup Campbells - Italian Wedding,50.0155,5.0000,10.00310881
477,Spice - Paprika,49.9907,5.0000,9.99813084
573,Mangoes,49.9890,5.0000,9.99779006
527,Water - Spring 1.5lit,49.8556,5.0000,9.97112299
686,Lettuce - Romaine,49.8050,5.0000,9.96100000
452,Breadfruit,49.7463,5.0000,9.94926829
394,Gingerale - Diet - Schweppes,49.7415,5.0000,9.94829268
956,Chicken - Whole,49.6900,5.0000,9.93800000
133,Allspice - Jamaican,49.6375,5.0000,9.92749004
598,Lobak,49.4898,5.0000,9.89795918
475,Towel Dispenser,49.4716,5.0000,9.89431818
920,Sun - Dried Tomatoes,49.4492,5.0000,9.88983957
17,"Octopus - Baby, Cleaned",49.4360,5.0000,9.88720379
309,Vaccum Bag - 14x20,49.4109,5.0000,9.88217822
263,Lobster - Live,49.3969,5.0000,9.87938144
357,Sausage - Andouille,49.3596,5.0000,9.87192118
400,Lettuce - Baby Salad Greens,49.3467,5.0000,9.86934673
432,"Stock - Chicken, White",49.3015,5.0000,9.86030151
618,"Soup - Knorr, Classic Can. Chili",49.2959,5.0000,9.85917160
955,Peppercorns - Green,49.2877,5.0000,9.85754717
439,Lamb - Sausage Casings,49.1991,5.0000,9.83981481
110,Snapple Raspberry Tea,48.9296,5.0000,9.78591549
84,Petit Baguette,48.8641,5.0000,9.77281553
520,Fond - Neutral,48.3548,5.0000,9.67096774
726,Tart - Lemon,48.2178,5.0000,9.64356436
975,The Pop Shoppe - Grape,48.0368,5.0000,9.60736842
277,Kumquat,47.8936,5.0000,9.57872340
783,Bandage - Fexible 1x3,47.7734,5.0000,9.55467980
763,Chicken - Soup Base,47.7573,5.0000,9.55145631
549,Muffin Carrot - Individual,47.7354,5.0000,9.54708520
533,Wine - Red Oakridge Merlot,47.5050,5.0000,9.50099010
511,Puree - Strawberry,47.4000,5.0000,9.48000000
251,Lettuce - Escarole,47.0190,5.0000,9.40380952
440,Clams - Canned,46.9903,5.0000,9.39806763
20,Longos - Chicken Caeser Salad,46.1480,5.0000,9.22959184
622,Truffle Paste,55.2827,6.0000,9.21378709
971,Cakes Assorted,55.2415,6.0000,9.20692432
837,Bag Clear 10 Lb,55.0543,6.0000,9.17571644
513,"Lamb - Whole, Frozen",54.4947,6.0000,9.08245614
599,Sauce - Salsa,54.4792,6.0000,9.07986111
333,Cleaner - Comet,54.4421,6.0000,9.07368421
762,"Beef - Baby, Liver",45.1792,5.0000,9.03584906
771,Wine - Chateauneuf Du Pape,53.9429,6.0000,8.99047619
749,Rice - Long Grain,53.7692,6.0000,8.96153846
396,Wine - Chateau Aqueria Tavel,53.5389,6.0000,8.92314815
562,Liners - Baking Cups,53.4718,6.0000,8.91196581
696,Sauce - Vodka Blush,53.4698,6.0000,8.91162791
57,Spinach - Frozen,53.0099,6.0000,8.83498350
940,Soup Campbells - Tomato Bisque,52.9171,6.0000,8.81951220
69,"Appetizer - Mini Egg Roll, Shrimp",52.8492,6.0000,8.80820771
999,Bread - Wheat Baguette,52.6875,6.0000,8.78125000
267,Eggwhite Frozen,52.5825,6.0000,8.76375405
586,"Sugar - Sweet N Low, Individual",52.5132,6.0000,8.75219298
60,"Lemonade - Strawberry, 591 Ml",52.3394,6.0000,8.72324159
478,"Tendrils - Baby Pea, Organic",52.2798,6.0000,8.71329879
796,Bagel - Whole White Sesame,52.2746,6.0000,8.71243523
912,Coffee - Hazelnut Cream,52.0148,6.0000,8.66912972
752,Kellogs Special K Cereal,51.9628,6.0000,8.66046099
671,"Pasta - Linguini, Dry",51.6480,6.0000,8.60800745
485,Wine - Dubouef Macon - Villages,51.5792,6.0000,8.59653465
303,Scallops - Live In Shell,51.4794,6.0000,8.57989691
847,Remy Red Berry Infusion,51.3918,6.0000,8.56529210
54,"Arctic Char - Fresh, Whole",51.3854,6.0000,8.56423611
998,Flounder - Fresh,51.3466,6.0000,8.55776515
312,"Jam - Strawberry, 20 Ml Jar",51.3125,6.0000,8.55208333
157,Beer - Heinekin,51.2150,6.0000,8.53583333
222,Muffin - Carrot Individual Wrap,51.1973,6.0000,8.53288490
829,Pie Shell - 9,51.1500,6.0000,8.52500000
932,Milk - 1%,51.0843,6.0000,8.51404494
794,Trout - Smoked,51.0650,6.0000,8.51083333
915,Fondant - Icing,51.0488,6.0000,8.50813008
992,Bok Choy - Baby,51.0276,6.0000,8.50460829
137,Seaweed Green Sheets,51.0254,6.0000,8.50423012
682,"Chocolate - Milk, Callets",50.9196,6.0000,8.48659966
325,Versatainer Nc - 888,50.7972,6.0000,8.46620584
456,Pastry - Chocolate Chip Muffin,50.7945,6.0000,8.46575342
993,Turkey - Ground. Lean,50.6771,6.0000,8.44618056
964,Chicken Thigh - Bone Out,50.4757,6.0000,8.41262136
515,Tumeric,50.4557,6.0000,8.40928270
626,Sugar - Icing,50.4179,6.0000,8.40298507
689,Kahlua,50.3020,6.0000,8.38366337
104,Sauerkraut,50.3012,6.0000,8.38353414
554,"Pasta - Gnocchi, Potato",50.2741,6.0000,8.37901861
927,"Tomatoes - Diced, Canned",50.1590,6.0000,8.35982906
570,"Sauce - Gravy, Au Jus, Mix",49.9831,6.0000,8.33052434
390,"Pork - Back, Long Cut, Boneless",49.9722,6.0000,8.32870370
924,Truffle - Peelings,49.8208,6.0000,8.30345912
933,Soup - French Can Pea,49.7892,6.0000,8.29819820
324,Eggplant Oriental,49.7803,6.0000,8.29671151
536,"Crab - Back Fin Meat, Canned",49.7368,6.0000,8.28947368
883,Tea - Herbal Sweet Dreams,49.6587,6.0000,8.27644231
858,Chicken Breast Halal,49.6378,6.0000,8.27297297
482,Eggplant Italian,49.6011,6.0000,8.26684397
909,"Oranges - Navel, 72",49.5520,6.0000,8.25867270
591,Muffin Orange Individual,49.4785,6.0000,8.24641148
508,Compound - Raspberry,49.4700,6.0000,8.24500000
42,"Lemonade - Kiwi, 591 Ml",49.4636,6.0000,8.24393939
50,Sherry - Dry,49.4208,6.0000,8.23679868
343,Beef - Tenderloin Tails,49.3043,6.0000,8.21739130
428,Lettuce - Boston Bib - Organic,49.0762,6.0000,8.17936508
529,Compound - Passion Fruit,49.0000,6.0000,8.16666667
115,"Lemonade - Kiwi, 591 Ml",48.8974,6.0000,8.14957265
425,Sauce - Hp,48.8204,6.0000,8.13673139
522,"Beets - Candy Cane, Organic",48.7990,6.0000,8.13317384
613,Oil - Olive,48.7635,6.0000,8.12725780
680,Bagel - Whole White Sesame,48.4521,6.0000,8.07535461
897,"Lamb - Whole, Fresh",48.4369,6.0000,8.07282282
346,Plasticspoonblack,48.3280,6.0000,8.05465950
145,Ecolab - Mikroklene 4/4 L,47.7989,6.0000,7.96648551
782,"Chicken - Base, Ultimate",47.2814,6.0000,7.88023451
532,Crab - Soft Shell,46.8852,6.0000,7.81419458
791,Pepper - Sorrano,46.8711,6.0000,7.81185567
172,Sunflower Seed Raw,54.4235,7.0000,7.77478134
62,Wheat - Soft Kernal Of Wheat,54.3719,7.0000,7.76740847
285,Horseradish - Prepared,46.5169,6.0000,7.75280899
442,Chutney Sauce,53.9289,7.0000,7.70413343
409,"Lamb - Loin, Trimmed, Boneless",53.8629,7.0000,7.69470631
881,Pastry - Baked Scones - Mini,46.0946,6.0000,7.68243243
557,Sorrel - Fresh,53.7612,7.0000,7.68017058
10,Coffee Cup 8oz 5338cd,53.6108,7.0000,7.65869106
528,Cumin - Whole,53.2410,7.0000,7.60586081
913,Persimmons,52.9479,7.0000,7.56398104
283,Bread - Granary Small Pull,52.8030,7.0000,7.54329004
484,Potatoes - Mini Red,52.7917,7.0000,7.54166667
32,Green Tea Refresher,52.6535,7.0000,7.52192362
835,Plaintain,52.4737,7.0000,7.49624060
728,Foil Wrap,52.4643,7.0000,7.49489796
114,Wine - Rubyport,52.4490,7.0000,7.49271137
800,Pea - Snow,52.2321,7.0000,7.46173469
384,Pork - Smoked Back Bacon,52.0929,7.0000,7.44184231
869,Yukon Jack,52.0714,7.0000,7.43877551
701,Water Chestnut - Canned,52.0667,7.0000,7.43809524
954,Nacho Chips,44.4728,6.0000,7.41213768
221,Syrup - Monin - Granny Smith,51.8267,7.0000,7.40380952
770,Sage - Rubbed,51.8242,7.0000,7.40345369
305,"Oregano - Dry, Rubbed",51.6935,7.0000,7.38478105
571,Juice - Orangina,51.6510,7.0000,7.37872024
177,Plasticforkblack,51.5354,7.0000,7.36219336
657,"Wine - White, Mosel Gold",51.4974,7.0000,7.35676889
757,Toothpick Frilled,51.4813,7.0000,7.35447263
111,Rice Paper,51.4583,7.0000,7.35119048
276,Coffee - Irish Cream,51.3302,7.0000,7.33288410
640,Cabbage - Red,51.1991,7.0000,7.31415643
539,Poppy Seed,51.1923,7.0000,7.31318681
293,Ecolab Crystal Fusion,51.1122,7.0000,7.30174216
100,Coffee - Decafenated,51.0500,7.0000,7.29285714
321,Pimento - Canned,50.9200,7.0000,7.27428571
204,"Soup - Knorr, Country Bean",50.8351,7.0000,7.26215022
723,Table Cloth 62x120 Colour,50.7734,7.0000,7.25334272
33,"Rum - Coconut, Malibu",50.7582,7.0000,7.25117739
702,Container Clear 8 Oz,50.6683,7.0000,7.23832753
871,"Tomatoes - Cherry, Yellow",50.6567,7.0000,7.23667377
146,Cabbage - Nappa,50.5856,7.0000,7.22651223
431,Mustard - Seed,50.5366,7.0000,7.21951220
790,Beans - Wax,50.5025,7.0000,7.21463758
220,Vodka - Moskovskaya,50.4525,7.0000,7.20750200
419,"Potatoes - Instant, Mashed",50.3970,7.0000,7.19956927
753,Strawberries - California,50.3208,7.0000,7.18867925
517,"Turkey - Breast, Double",50.3014,7.0000,7.18591934
229,Chevril,50.2605,7.0000,7.18006645
116,"Salmon - Atlantic, No Skin",50.2025,7.0000,7.17179024
875,Muffin Mix - Blueberry,50.1393,7.0000,7.16275764
880,"Tart Shells - Sweet, 3",50.1092,7.0000,7.15845649
830,Piping - Bags Quizna,49.8458,7.0000,7.12082445
242,Extract - Raspberry,49.8103,7.0000,7.11575092
741,Chicken - Whole Roasting,49.6884,7.0000,7.09834889
914,Sprouts - Bean,49.4305,7.0000,7.06149904
373,Lemonade - Pineapple Passion,49.3160,7.0000,7.04514825
407,Beer - Mill St Organic,49.2822,7.0000,7.04031117
245,Coffee - Hazelnut Cream,49.0552,7.0000,7.00789266
730,Lettuce - Red Leaf,49.0108,7.0000,7.00153610
405,"Juice - Clamato, 341 Ml",49.0000,7.0000,7.00000000
545,Cheese - Sheep Milk,48.9607,7.0000,6.99438553
637,Assorted Desserts,48.8701,7.0000,6.98144712
51,Wine - Penfolds Koonuga Hill,48.8693,7.0000,6.98133525
507,Momiji Oroshi Chili Sauce,48.8691,7.0000,6.98130142
923,Bread - Raisin,48.7826,7.0000,6.96894410
711,Island Oasis - Lemonade,48.7667,7.0000,6.96666667
369,Cheese - Marble,48.5628,7.0000,6.93754153
772,"Veal - Tenderloin, Untrimmed",48.5172,7.0000,6.93103448
698,Trueblue - Blueberry,48.4179,7.0000,6.91684435
180,Napkin White,48.1168,7.0000,6.87383178
677,"Tart Shells - Sweet, 2",48.0521,7.0000,6.86459039
131,Sesame Seed Black,47.8600,7.0000,6.83714286
363,Emulsifier,47.8000,7.0000,6.82857143
809,Samosa - Veg,47.7015,7.0000,6.81449893
40,Tarragon - Fresh,47.6073,7.0000,6.80104712
233,"Pasta - Fusili, Dry",47.4098,7.0000,6.77282230
947,Beer - Tetleys,47.3675,7.0000,6.76678877
930,Wine - Rhine Riesling Wolf Blass,54.0703,8.0000,6.75878378
780,"Lobster - Tail, 3 - 4 Oz",53.8962,8.0000,6.73702830
834,Hot Chocolate - Individual,53.7586,8.0000,6.71982759
395,Onions - Cooking,53.6533,8.0000,6.70666667
236,"Mushrooms - Black, Dried",46.9038,7.0000,6.70054945
318,Glass Clear 7 Oz Xl,53.4311,8.0000,6.67889222
668,Swiss Chard - Red,53.3230,8.0000,6.66537611
823,"Wine - Red, Metus Rose",53.2822,8.0000,6.66027228
264,"Wine - Magnotta - Red, Baco",46.5337,7.0000,6.64767748
252,"Carrots - Purple, Organic",53.1571,8.0000,6.64463351
646,Fenngreek Seed,52.9787,8.0000,6.62234043
257,Bonito Flakes - Toku Katsuo,52.9363,8.0000,6.61703431
200,Scampi Tail,52.9171,8.0000,6.61463415
402,Bagel - Sesame Seed Presliced,46.2374,7.0000,6.60534899
965,Ginger - Ground,46.2304,7.0000,6.60434174
684,Nut - Pumpkin Seeds,52.8186,8.0000,6.60232843
660,Cake - Bande Of Fruit,52.6411,8.0000,6.58014354
648,"Veal - Tenderloin, Untrimmed",52.5892,8.0000,6.57364865
265,Foil - 4oz Custard Cup,52.5285,8.0000,6.56606218
413,Pepper - Chili Powder,52.4787,8.0000,6.55984043
922,Beer - Tetleys,52.4372,8.0000,6.55465116
878,Appetiser - Bought,52.3301,8.0000,6.54126214
466,Ginger - Ground,52.1489,8.0000,6.51861702
815,Beans - Wax,52.0919,8.0000,6.51148649
980,Cup - Translucent 7 Oz Clear,52.0314,8.0000,6.50392670
589,"Chicken - Thigh, Bone In",51.8342,8.0000,6.47927136
308,White Baguette,51.8333,8.0000,6.47916667
767,Bread - Dark Rye,51.6589,8.0000,6.45735981
354,Beer - Creemore,51.4483,8.0000,6.43103448
797,"Turkey - Whole, Fresh",51.3904,8.0000,6.42379679
602,Jameson Irish Whiskey,51.2929,8.0000,6.41161616
444,Gherkin,51.2690,8.0000,6.40862944
490,Banana - Green,51.2550,8.0000,6.40687500
49,Mustard Prepared,51.2172,8.0000,6.40214932
654,"Pasta - Lasagne, Fresh",51.1564,8.0000,6.39455307
659,Chocolate - Compound Coating,51.1311,8.0000,6.39138350
844,The Pop Shoppe Pinapple,51.0796,8.0000,6.38495025
443,Crackers - Water,50.8098,8.0000,6.35121951
9,Clam - Cherrystone,50.7864,8.0000,6.34829545
596,Breadfruit,50.7263,8.0000,6.34078947
833,Bread Base - Gold Formel,50.7238,8.0000,6.34047619
313,Wine - Merlot Vina Carmen,50.7091,8.0000,6.33863636
81,Leeks - Large,50.6344,8.0000,6.32930108
862,Lemonade - Pineapple Passion,50.6182,8.0000,6.32727273
801,Bread - Granary Small Pull,50.4948,8.0000,6.31184896
799,Chervil - Fresh,50.2933,8.0000,6.28665865
776,The Pop Shoppe - Root Beer,50.2778,8.0000,6.28472222
672,Urban Zen Drinks,50.1730,8.0000,6.27162162
164,Island Oasis - Peach Daiquiri,50.1658,8.0000,6.27072864
865,"Coconut - Creamed, Pure",50.1481,8.0000,6.26851852
83,White Baguette,50.1407,8.0000,6.26758794
82,Easy Off Oven Cleaner,49.9954,8.0000,6.24942661
501,"Beef - Outside, Round",49.9385,8.0000,6.24230769
386,Cream - 35%,49.8756,8.0000,6.23444976
620,"Bread - Multigrain, Loaf",49.8728,8.0000,6.23410088
935,Tobasco Sauce,49.8586,8.0000,6.23232323
840,Soup - Campbells Tomato Ravioli,49.8462,8.0000,6.23076923
931,Pears - Anjou,49.8454,8.0000,6.23067010
327,External Supplier,49.8301,8.0000,6.22876214
142,Crab Brie In Phyllo,49.8051,8.0000,6.22564103
398,Dried Figs,49.7884,8.0000,6.22354497
631,Duck - Legs,49.7665,8.0000,6.22081218
604,Nut - Pumpkin Seeds,49.7104,8.0000,6.21379781
691,Wine - Bouchard La Vignee Pinot,49.6941,8.0000,6.21175799
945,Lettuce - Treviso,49.6445,8.0000,6.20556872
731,Cheese - St. Andre,49.3805,8.0000,6.17256637
256,Beef - Tenderloin - Aa,49.3048,8.0000,6.16309524
857,"Wine - Red, Pelee Island Merlot",49.2460,8.0000,6.15574866
340,Thyme - Fresh,49.1473,8.0000,6.14341518
820,"Beef - Rib Roast, Capless",49.1435,8.0000,6.14294258
661,"Beef - Rib Roast, Capless",49.1309,8.0000,6.14136126
860,Veal - Inside,49.0784,8.0000,6.13480392
387,Cardamon Seed / Pod,49.0670,8.0000,6.13337629
302,Soap - Pine Sol Floor Cleaner,49.0050,8.0000,6.12562814
756,Trout Rainbow Whole,48.9811,8.0000,6.12264151
75,Filo Dough,48.8498,8.0000,6.10622066
606,Pork - Shoulder,48.8314,8.0000,6.10392442
937,Puree - Raspberry,48.6683,8.0000,6.08353960
759,Quail - Jumbo,48.5187,8.0000,6.06483957
732,Cheese - Cambozola,48.4513,8.0000,6.05641026
623,"Pasta - Fettuccine, Dry",48.4247,8.0000,6.05309140
739,"Bread - Roll, Soft White Round",48.3881,8.0000,6.04850746
361,Wine - Shiraz Wolf Blass Premium,48.3107,8.0000,6.03883495
370,Red Currants,48.3026,8.0000,6.03782051
427,Eggplant Oriental,48.2435,8.0000,6.03044041
704,Sunflower Seed Raw,54.0950,9.0000,6.01055556
18,Rootbeer,53.9482,9.0000,5.99424295
989,Ecolab Crystal Fusion,47.8913,8.0000,5.98641304
329,Onions Granulated,53.8254,9.0000,5.98059965
710,Wine - Stoneliegh Sauvignon,47.8226,8.0000,5.97782258
736,"Water, Tap",53.7097,9.0000,5.96774194
826,Towel Dispenser,53.6291,9.0000,5.95878978
35,Trueblue - Blueberry 12x473ml,47.5050,8.0000,5.93812500
588,Wine - Tio Pepe Sherry Fino,47.4315,8.0000,5.92893401
893,Cherries - Frozen,53.3333,9.0000,5.92592593
316,Cabbage - Green,46.8376,8.0000,5.85469543
899,Relish,52.6201,9.0000,5.84667908
977,Sole - Fillet,52.6073,9.0000,5.84525887
744,Rabbit - Whole,52.6009,9.0000,5.84454877
228,Cake - Mini Potato Pancake,46.4486,8.0000,5.80607477
574,Smoked Paprika,52.2234,9.0000,5.80260047
479,"Iced Tea - Lemon, 460 Ml",52.1981,9.0000,5.79979036
450,"Bread - Roll, Canadian Dinner",46.2922,8.0000,5.78652968
95,Bag - Clear 7 Lb,52.0726,9.0000,5.78584730
208,Ice Cream Bar - Drumstick,46.1854,8.0000,5.77317073
294,Shopper Bag - S - 4,51.8883,9.0000,5.76537217
580,"Veal - Inside Round / Top, Lean",51.6514,9.0000,5.73904179
38,Rice Wine - Aji Mirin,51.5817,9.0000,5.73130342
822,Pastry - Baked Cinnamon Stick,51.4378,9.0000,5.71531233
476,Beer - Creemore,51.4286,9.0000,5.71428571
919,Sea Bass - Fillets,51.4271,9.0000,5.71412619
664,Cheese - Goat,51.3689,9.0000,5.70765912
336,Bouillion - Fish,51.3152,9.0000,5.70169082
41,Lobster - Cooked,51.2647,9.0000,5.69607843
79,Spice - Pepper Portions,51.1225,9.0000,5.68028322
553,Fruit Mix - Light,51.0111,9.0000,5.66790123
415,Guava,50.9683,9.0000,5.66313933
581,Island Oasis - Lemonade,50.9261,9.0000,5.65845649
154,Milk - Buttermilk,50.9032,9.0000,5.65591398
787,"Pepper - Chillies, Crushed",50.7488,9.0000,5.63875205
356,Sugar - Icing,50.7448,9.0000,5.63831019
202,"Garlic - Primerba, Paste",50.7231,9.0000,5.63589744
821,"Pasta - Fettuccine, Egg, Fresh",50.6729,9.0000,5.63032191
66,Tray - 12in Rnd Blk,50.6718,9.0000,5.63019943
512,Gloves - Goldtouch Disposable,50.5650,9.0000,5.61833333
509,"Nut - Almond, Blanched, Ground",50.4278,9.0000,5.60309278
218,Salt And Pepper Mix - White,50.4176,9.0000,5.60195360
362,Veal - Heart,50.2759,9.0000,5.58620690
421,Bacardi Limon,50.2396,9.0000,5.58217593
13,Monkfish - Fresh,50.1394,9.0000,5.57104701
291,Lettuce - Curly Endive,50.0745,9.0000,5.56382979
98,Appetizer - Veg Assortment,50.0352,9.0000,5.55946399
994,"Basil - Dry, Rubbed",49.8990,9.0000,5.54433761
942,Bandage - Fexible 1x3,49.8964,9.0000,5.54404145
795,Appetizer - Mango Chevre,49.8943,9.0000,5.54380813
559,Pork - Side Ribs,49.7747,9.0000,5.53052503
601,Remy Red,49.5253,9.0000,5.50280584
650,Tuna - Salad Premix,49.4901,9.0000,5.49889989
253,Hand Towel,49.4883,9.0000,5.49869588
162,Chip - Potato Dill Pickle,49.4154,9.0000,5.49059829
401,Cheese - Mozzarella,49.3981,9.0000,5.48867825
328,Pan Grease,49.3284,9.0000,5.48092869
457,Lettuce - Belgian Endive,49.3262,9.0000,5.48068925
241,Tray - 16in Rnd Blk,49.3041,9.0000,5.47823597
555,"Veal - Tenderloin, Untrimmed",54.7380,10.0000,5.47379679
436,Eggroll,49.1471,9.0000,5.46078431
727,Soup - Campbells Chili Veg,49.1429,9.0000,5.46031746
46,Wine - Vovray Sec Domaine Huet,49.1333,9.0000,5.45925926
353,Momiji Oroshi Chili Sauce,49.0110,9.0000,5.44567219
59,Beets - Mini Golden,48.9659,9.0000,5.44065657
210,Ice Cream Bar - Hagen Daz,48.9211,9.0000,5.43567251
973,"Sauce - Black Current, Dry Mix",54.3412,10.0000,5.43412322
685,Muffin Puck Ww Carrot,48.8723,9.0000,5.43026005
775,Bandage - Flexible Neon,48.8498,9.0000,5.42775170
296,"Sauce - White, Mix",48.8048,9.0000,5.42275132
158,Browning Caramel Glace,48.7799,9.0000,5.41998937
462,Sambuca Cream,53.9775,10.0000,5.39775281
269,Sword Pick Asst,48.5569,9.0000,5.39520958
486,Ginger - Fresh,53.7316,10.0000,5.37315789
201,Kolrabi,48.3077,9.0000,5.36752137
986,"Wine - Red, Marechal Foch",48.2792,9.0000,5.36435420
465,Daikon Radish,53.4211,10.0000,5.34210526
193,"Mushroom - Morels, Dry",47.8020,9.0000,5.31133113
6,Flower - Dish Garden,47.6651,9.0000,5.29612159
393,Chivas Regal - 12 Year Old,52.8769,10.0000,5.28769231
514,Canada Dry,52.8676,10.0000,5.28676471
355,Table Cloth 62x114 White,52.8663,10.0000,5.28662791
28,Soup - Campbells Asian Noodle,52.8158,10.0000,5.28157895
804,Rice Paper,52.6650,10.0000,5.26650246
58,Potatoes - Mini White 3 Oz,52.6530,10.0000,5.26529680
665,Tart - Pecan Butter Squares,52.6458,10.0000,5.26458333
806,Guinea Fowl,52.5972,10.0000,5.25971564
632,Oil - Margarine,52.5247,10.0000,5.25246637
612,"Cake Circle, Paprus",52.4038,10.0000,5.24038462
952,"Pepper - Black, Ground",47.0526,9.0000,5.22807018
446,Flower - Leather Leaf Fern,52.2642,10.0000,5.22641509
135,Bread - Sour Batard,46.8843,9.0000,5.20936214
497,Mushroom - Crimini,46.7950,9.0000,5.19944444
94,Vacuum Bags 12x16,51.8811,10.0000,5.18810811
458,Five Alive Citrus,51.8171,10.0000,5.18171429
207,Shrimp - Tiger 21/25,51.5777,10.0000,5.15776699
78,Wine - Semi Dry Riesling Vineland,51.4554,10.0000,5.14553991
647,Vanilla Beans,51.4320,10.0000,5.14320388
569,"Cake Circle, Paprus",51.4047,10.0000,5.14046512
43,Crackers Cheez It,51.2890,10.0000,5.12890173
981,Tofu - Firm,51.2513,10.0000,5.12512563
645,Muffin - Banana Nut Individual,51.2404,10.0000,5.12403846
408,Olives - Kalamata,51.1805,10.0000,5.11804878
758,Onion - Dried,51.1502,10.0000,5.11502347
338,Rosemary - Fresh,51.1168,10.0000,5.11168224
717,Pants Custom Dry Clean,51.1080,10.0000,5.11079812
959,Chef Hat 25cm,51.0535,10.0000,5.10534759
742,Steam Pan - Half Size Deep,50.9734,10.0000,5.09734043
894,"Soup - Knorr, Ministrone",50.9293,10.0000,5.09292929
861,"Soup - Knorr, Classic Can. Chili",50.9032,10.0000,5.09032258
903,Water - Aquafina Vitamin,50.9032,10.0000,5.09032258
255,Beef - Prime Rib Aaa,50.8465,10.0000,5.08464912
103,Country Roll,50.7980,10.0000,5.07979798
109,Tomato - Plum With Basil,50.7097,10.0000,5.07096774
426,Table Cloth 144x90 White,50.6762,10.0000,5.06761905
690,Bread - Pain Au Liat X12,50.3695,10.0000,5.03694581
191,Loquat,50.3453,10.0000,5.03452915
55,Cilantro / Coriander - Fresh,50.2900,10.0000,5.02900000
359,Bread - Rye,50.2077,10.0000,5.02077295
816,Lettuce - Frisee,50.1902,10.0000,5.01902174
351,Asparagus - Frozen,50.1818,10.0000,5.01818182
53,Peppercorns - Green,50.1490,10.0000,5.01490385
653,Napkin Colour,50.1448,10.0000,5.01447964
538,Chicken - Soup Base,50.1290,10.0000,5.01290323
406,Bread - Multigrain,49.9897,10.0000,4.99896907
560,Wine - Marlbourough Sauv Blanc,49.9851,10.0000,4.99851485
990,Coffee - Decafenated,49.9053,10.0000,4.99053254
929,Fenngreek Seed,49.7751,10.0000,4.97751196
882,Olives - Stuffed,49.6089,10.0000,4.96089385
917,Flavouring - Orange,49.6037,10.0000,4.96036866
214,Nantucket - 518ml,49.5882,10.0000,4.95882353
410,Oil - Avocado,49.5612,10.0000,4.95612245
888,Oil - Avocado,49.5046,10.0000,4.95046296
368,Lotus Leaves,49.5000,10.0000,4.95000000
48,Appetizer - Escargot Puff,54.4184,11.0000,4.94712430
961,Petite Baguette,54.2131,11.0000,4.92846498
874,Muffin - Banana Nut Individual,54.2053,11.0000,4.92775120
939,Cookies Cereal Nut,49.2356,10.0000,4.92356322
709,"Flour - Buckwheat, Dark",49.0332,10.0000,4.90331754
946,Muffin - Banana Nut Individual,49.0294,10.0000,4.90294118
223,Mix Pina Colada,49.0189,10.0000,4.90188679
495,Lamb - Rack,48.9122,10.0000,4.89121951
694,Ecolab - Solid Fusion,48.8586,10.0000,4.88585859
197,Yogurt - Assorted Pack,48.8305,10.0000,4.88305085
904,"Lemonade - Strawberry, 591 Ml",48.8300,10.0000,4.88300000
306,Cake - Night And Day Choclate,48.7784,10.0000,4.87783784
364,Salami - Genova,53.6541,11.0000,4.87764128
392,"Pepper - Green, Chili",53.6329,11.0000,4.87571922
379,Crackers - Soda / Saltins,48.6987,10.0000,4.86986900
87,Dasheen,48.6837,10.0000,4.86837209
877,Puff Pastry - Slab,53.4798,11.0000,4.86179716
319,Oil - Safflower,48.5366,10.0000,4.85365854
526,Beef Ground Medium,53.3146,11.0000,4.84678243
31,Onions - Red Pearl,53.2611,11.0000,4.84191670
585,Shopper Bag - S - 4,53.2074,11.0000,4.83703393
300,Beef - Kobe Striploin,53.0633,11.0000,4.82394077
118,Oil - Sunflower,48.2222,10.0000,4.82222222
831,Kohlrabi,48.2217,10.0000,4.82216749
213,Chips - Doritos,53.0332,11.0000,4.82119776
693,"Wine - White, Colubia Cresh",48.1198,10.0000,4.81197917
697,Wine - German Riesling,52.9286,11.0000,4.81168831
617,Cup Translucent 9 Oz,48.1159,10.0000,4.81158798
454,Cumin - Ground,48.0268,10.0000,4.80267857
625,Fireball Whisky,52.8177,11.0000,4.80160985
614,"Vodka - Lemon, Absolut",52.7614,11.0000,4.79649285
1,Chocolate Bar - Smarties,52.7543,11.0000,4.79584416
974,Muffin Orange Individual,47.7969,10.0000,4.77968750
504,Chef Hat 25cm,47.6888,10.0000,4.76887755
534,Pepper - Pablano,47.6243,10.0000,4.76243094
886,Leeks - Large,52.3831,11.0000,4.76209860
700,Lid Tray - 12in Dome,52.3191,11.0000,4.75628627
898,"Bread - Pumpernickle, Rounds",47.5399,10.0000,4.75399061
47,Monkfish - Fresh,52.2794,11.0000,4.75267380
963,Beer - True North Strong Ale,47.5064,10.0000,4.75064378
854,Beef - Striploin Aa,52.2283,11.0000,4.74802372
92,Loquat,52.2211,11.0000,4.74736842
260,Wine - Cousino Macul Antiguas,52.2086,11.0000,4.74623238
72,Napkin White - Starched,52.1143,11.0000,4.73766234
322,Sauce - Sesame Thai Dressing,52.0964,11.0000,4.73604061
275,Tart - Lemon,47.3140,10.0000,4.73140097
496,Cup - 8oz Coffee Perforated,47.3073,10.0000,4.73072917
810,Cheese - Grie Des Champ,47.1881,10.0000,4.71881188
315,Table Cloth 90x90 Colour,47.1658,10.0000,4.71657754
494,Bag - Regular Kraft 20 Lb,51.6818,11.0000,4.69834711
243,Potato - Sweet,46.9220,10.0000,4.69219512
105,Hagen Daza - Dk Choocolate,51.6061,11.0000,4.69146006
320,Wine - Domaine Boyar Royal,46.9101,10.0000,4.69100529
250,Chicken Thigh - Bone Out,51.5659,11.0000,4.68781219
629,Beef - Tenderloin Tails,51.5502,11.0000,4.68638538
397,"Yogurt - Banana, 175 Gr",46.6667,10.0000,4.66666667
789,Bread - Assorted Rolls,51.2990,11.0000,4.66354724
96,"Lemonade - Strawberry, 591 Ml",51.2696,11.0000,4.66087344
567,Raspberries - Fresh,51.2673,11.0000,4.66066607
838,Wine - Alsace Gewurztraminer,51.2026,11.0000,4.65478574
774,Lid - 16 Oz And 32 Oz,46.3909,10.0000,4.63908629
287,Veal - Bones,50.9949,11.0000,4.63590217
216,"Beets - Candy Cane, Organic",50.8950,11.0000,4.62681611
628,Chicken Breast Halal,50.7387,11.0000,4.61261261
970,Tamarillo,50.6400,11.0000,4.60363636
3,Chickensplit Half,50.6139,11.0000,4.60126013
438,Bagel - Sesame Seed Presliced,45.9794,10.0000,4.59793814
669,Scrubbie - Scotchbrite Hand Pad,45.9741,10.0000,4.59740933
544,Roe - White Fish,50.4826,11.0000,4.58932610
967,Wine - Magnotta - Belpaese,45.7444,10.0000,4.57444444
887,Pheasants - Whole,50.2604,11.0000,4.56912879
812,Spice - Greek 1 Step,54.6748,12.0000,4.55622977
813,Oranges,50.1143,11.0000,4.55584416
873,Salt And Pepper Mix - Black,50.1140,11.0000,4.55581724
636,"Coconut - Shredded, Unsweet",50.0860,11.0000,4.55327468
982,Bread - Mini Hamburger Bun,50.0116,11.0000,4.54650552
139,Lemon Pepper,49.7981,11.0000,4.52709790
868,Nantucket Cranberry Juice,49.7833,11.0000,4.52575011
740,Oil - Sunflower,49.7321,11.0000,4.52109613
273,Bread Base - Italian,54.2423,12.0000,4.52018900
743,Galliano,49.6904,11.0000,4.51730503
175,Muffin Mix - Carrot,49.6779,11.0000,4.51617133
459,Vol Au Vents,45.0741,10.0000,4.50740741
215,Vinegar - Sherry,49.4387,11.0000,4.49442539
380,Sauce - Fish 25 Ozf Bottle,49.4089,11.0000,4.49171518
422,Devonshire Cream,49.3367,11.0000,4.48515304
151,"Chilli Paste, Ginger Garlic",53.7908,12.0000,4.48256803
687,Cheese - Ermite Bleu,53.6853,12.0000,4.47377327
176,Sambuca Cream,49.1847,11.0000,4.47133497
141,"Juice - Orange, 341 Ml",49.1726,11.0000,4.47023535
460,"Wine - White, Ej",48.8586,11.0000,4.44168962
593,Ice Cream - Strawberry,48.8307,11.0000,4.43915344
70,Cheese - Fontina,53.2591,12.0000,4.43825561
330,Beets - Pickled,53.1754,12.0000,4.43127962
76,Jerusalem Artichoke,53.1287,12.0000,4.42739274
232,Bread Base - Toscano,53.1204,12.0000,4.42670157
720,Tequila - Sauza Silver,52.9598,12.0000,4.41331418
183,Wine - Kwv Chenin Blanc South,48.5072,11.0000,4.40974967
890,"Wine - Red, Concha Y Toro",48.4493,11.0000,4.40448538
656,Cake Slab,48.4270,11.0000,4.40245700
299,Kaffir Lime Leaves,48.4171,11.0000,4.40155566
156,Chicken - Tenderloin,48.3194,11.0000,4.39267016
541,Pork - Backfat,52.7015,12.0000,4.39179104
938,"Veal - Shank, Pieces",52.6140,12.0000,4.38449612
760,"Pork - Bacon, Sliced",52.6036,12.0000,4.38363363
206,Shortbread - Cookie Crumbs,52.5936,12.0000,4.38279857
326,Juice - Orangina,48.1823,11.0000,4.38020833
391,Ice Cream - Fudge Bars,48.1822,11.0000,4.38020391
906,Macaroons - Homestyle Two Bit,48.0357,11.0000,4.36688312
219,Whmis - Spray Bottle Trigger,52.3889,12.0000,4.36574074
951,Wine - Savigny - Les - Beaune,52.3317,12.0000,4.36097360
578,Cocoa Powder - Natural,52.3010,12.0000,4.35841837
911,Sugar - Palm,52.2463,12.0000,4.35385878
587,Shiratamako - Rice Flour,52.2371,12.0000,4.35309278
331,Glass Clear 8 Oz,52.1302,12.0000,4.34418403
510,Blackberries,52.1287,12.0000,4.34405941
65,Tea - Lemon Scented,52.0809,12.0000,4.34007707
468,Wine - Baron De Rothschild,47.7389,11.0000,4.33989899
556,Pie Filling - Pumpkin,52.0583,12.0000,4.33818770
14,Pepper - Green Thai,47.6836,11.0000,4.33487417
430,Wine - Fume Blanc Fetzer,47.6700,11.0000,4.33363636
348,Cheese Cloth,51.9471,12.0000,4.32892628
434,"Placemat - Scallop, White",51.9106,12.0000,4.32588454
224,"Pasta - Spaghetti, Dry",47.5431,11.0000,4.32210429
383,Cotton Wet Mop 16 Oz,51.7625,12.0000,4.31354167
714,Melon - Cantaloupe,51.7402,12.0000,4.31168301
535,Yams,51.7273,12.0000,4.31060606
737,"Quail - Whole, Bone - In",51.5947,12.0000,4.29956140
825,Beans - Fava Fresh,47.2850,11.0000,4.29864061
64,"Pasta - Orzo, Dry",51.4949,12.0000,4.29124579
870,Wine - Fat Bastard Merlot,51.4751,12.0000,4.28959484
424,"Coke - Classic, 355 Ml",47.1784,11.0000,4.28894580
231,Pate Pans Yellow,47.1581,11.0000,4.28710359
499,French Kiss Vanilla,51.3465,12.0000,4.27887427
584,"Doilies - 12, Paper",51.2473,12.0000,4.27060932
610,Sherry - Dry,51.1961,12.0000,4.26633987
590,Wine - Wyndham Estate Bin 777,51.1823,12.0000,4.26519337
985,Chinese Foods - Plain Fried Rice,51.0984,12.0000,4.25820380
181,Cup Translucent 9 Oz,51.0240,12.0000,4.25200321
196,"Wine - Red, Black Opal Shiraz",51.0054,12.0000,4.25045290
350,Herb Du Provence - Primerba,50.9944,12.0000,4.24953184
489,Oil - Olive Bertolli,50.9592,12.0000,4.24659864
807,Soup - Campbells Asian Noodle,50.9369,12.0000,4.24474110
26,Towel Dispenser,46.6481,11.0000,4.24074074
125,"Pasta - Orzo, Dry",50.8187,12.0000,4.23488774
872,Soup - Campbells Mac N Cheese,50.8168,12.0000,4.23472949
635,Cheese - Comtomme,50.8083,12.0000,4.23402418
764,Rice Paper,50.7919,12.0000,4.23265651
918,"Wine - White, Riesling, Semi - Dry",50.7854,12.0000,4.23211382
962,Rice - Aborio,50.7713,12.0000,4.23093972
463,"Veal - Chops, Split, Frenched",50.7584,12.0000,4.22986891
565,Cup Translucent 9 Oz,50.7264,12.0000,4.22719735
366,Flavouring - Orange,50.6604,12.0000,4.22169811
592,Vol Au Vents,50.6396,12.0000,4.21996616
639,"Pork - Sausage, Medium",50.6262,12.0000,4.21884735
488,Wine - Riesling Dr. Pauly,50.5972,12.0000,4.21642970
802,Oxtail - Cut,50.5676,12.0000,4.21396396
699,Hand Towel,50.5507,12.0000,4.21256039
988,Wine - Manischewitz Concord,50.5450,12.0000,4.21208531
552,Cheese - Comte,50.4926,12.0000,4.20771757
126,Sauce - Caesar Dressing,50.4413,12.0000,4.20344288
715,Cookie - Oatmeal,50.4050,12.0000,4.20041667
147,Energy Drink Bawls,50.3774,12.0000,4.19811321
282,"Pork - Loin, Center Cut",50.3282,12.0000,4.19401709
304,Rum - Mount Gay Eclipes,50.2358,12.0000,4.18632075
751,Mortadella,50.2339,12.0000,4.18616208
101,Fork - Plastic,46.0049,11.0000,4.18226381
382,"Beef - Bones, Marrow",50.0351,12.0000,4.16959064
365,Raspberries - Fresh,50.0093,12.0000,4.16744548
525,Horseradish Root,50.0050,12.0000,4.16708126
754,Pail With Metal Handle 16l White,49.9858,12.0000,4.16548742
108,Pepper - Green Thai,49.9571,12.0000,4.16309524
493,Beer - Pilsner Urquell,49.8912,12.0000,4.15759931
997,Pork - Smoked Back Bacon,49.7127,12.0000,4.14272560
673,Beef - Tenderloin Tails,49.6811,12.0000,4.14009009
143,Muffin - Bran Ind Wrpd,45.5337,11.0000,4.13942308
120,Flour - Chickpea,49.5808,12.0000,4.13173401
30,Cake - Lemon Chiffon,49.4772,12.0000,4.12309645
524,Garbage Bags - Black,49.4153,12.0000,4.11794171
411,"Cake Circle, Foil, Scallop",49.4000,12.0000,4.11666667
679,Cheese - Le Cheve Noir,49.3969,12.0000,4.11640893
543,"Beef - Baby, Liver",48.9943,12.0000,4.08285985
451,"Pail - 4l White, With Handle",48.9444,12.0000,4.07870370
576,Vanilla Beans,48.8827,12.0000,4.07355442
389,"Squash - Pattypan, Yellow",48.8473,12.0000,4.07060755
926,Ecolab - Hobart Upr Prewash Arm,48.3788,12.0000,4.03156566
323,Jerusalem Artichoke,48.3645,12.0000,4.03037383
958,"Cup - 3.5oz, Foam",48.2246,12.0000,4.01871658
102,Foie Gras,47.8889,12.0000,3.99074074
884,Beer - Sleeman Fine Porter,47.7352,12.0000,3.97792998
159,Tobasco Sauce,47.4384,12.0000,3.95320197
853,Wine - Pinot Noir Mondavi Coastal,47.2808,12.0000,3.94006568
374,Carrots - Jumbo,47.2537,12.0000,3.93781095
855,Cream Of Tartar,47.2074,12.0000,3.93394777
311,Longos - Chicken Caeser Salad,47.1117,12.0000,3.92597293
583,Smoked Paprika,46.8340,12.0000,3.90283688
290,"Jam - Raspberry,jar",46.6884,12.0000,3.89069767
86,Tea - Herbal Sweet Dreams,46.2000,12.0000,3.85000000
205,Shichimi Togarashi Peppeers,45.6400,12.0000,3.80333333
127,Chicken - White Meat With Tender,44.9590,12.0000,3.74658120
